2026-09-22 13:37:56.967 [info] Reading sessions from keychain...
2026-09-22 13:37:56.967 [info] Getting sessions for all scopes...
2026-09-22 13:37:56.967 [info] Got stored sessions!
2026-09-22 13:37:56.967 [info] Got 2 verified sessions.
2026-09-22 13:37:56.967 [info] Got 2 sessions for ...
2026-09-22 13:37:56.967 [info] Getting sessions for all scopes...
2026-09-22 13:37:56.967 [info] Got 2 sessions for ...
2026-09-22 13:37:56.967 [info] Getting sessions for all scopes...
2026-09-22 13:37:56.967 [info] Got 2 sessions for ...
2026-09-22 13:37:57.075 [info] Getting sessions for all scopes...
2026-09-22 13:37:57.075 [info] Got 2 sessions for ...
2026-09-22 13:37:57.097 [info] Getting sessions for all scopes...
2026-09-22 13:37:57.097 [info] Got 2 sessions for ...
2026-09-22 13:38:00.817 [info] Reading sessions from keychain...
2026-09-22 13:38:00.817 [info] Getting sessions for all scopes...
2026-09-22 13:38:00.817 [info] Got stored sessions!
2026-09-22 13:38:00.817 [info] Got 2 verified sessions.
2026-09-22 13:38:00.817 [info] Got 2 sessions for ...
2026-09-22 13:38:00.817 [info] Getting sessions for all scopes...
2026-09-22 13:38:00.817 [info] Got 2 sessions for ...
2026-09-22 13:38:00.817 [info] Getting sessions for all scopes...
2026-09-22 13:38:00.817 [info] Got 2 sessions for ...
2026-09-22 13:38:00.826 [info] Getting sessions for all scopes...
2026-09-22 13:38:00.826 [info] Got 2 sessions for ...
2026-09-22 13:38:00.945 [info] Getting sessions for all scopes...
2026-09-22 13:38:00.945 [info] Got 2 sessions for ...
2026-09-22 13:38:03.835 [info] Getting sessions for read:user,user:email...
2026-09-22 13:38:03.836 [info] Got 0 sessions for read:user,user:email...
2026-09-22 13:38:03.846 [info] Getting sessions for all scopes...
2026-09-22 13:38:03.846 [info] Got 2 sessions for ...
2026-09-22 13:38:03.954 [info] Getting sessions for all scopes...
2026-09-22 13:38:03.954 [info] Got 2 sessions for ...
2026-09-22 13:38:03.957 [info] Getting sessions for all scopes...
2026-09-22 13:38:03.957 [info] Got 2 sessions for ...
2026-09-22 13:38:03.957 [info] Getting sessions for all scopes...
2026-09-22 13:38:03.957 [info] Got 2 sessions for ...
2026-09-22 13:38:04.139 [info] Getting sessions for read:user,repo,user:email,workflow...
2026-09-22 13:38:04.139 [info] Got 1 sessions for read:user,repo,user:email,workflow...
2026-09-22 13:38:04.161 [info] Getting sessions for all scopes...
2026-09-22 13:38:04.161 [info] Got 2 sessions for ...
2026-09-22 13:38:04.165 [info] Getting sessions for read:user,repo,user:email,workflow...
2026-09-22 13:38:04.165 [info] Got 1 sessions for read:user,repo,user:email,workflow...
2026-09-22 13:38:04.813 [info] Getting sessions for all scopes...
2026-09-22 13:38:04.813 [info] Got 2 sessions for ...
2026-09-22 13:38:04.813 [info] Getting sessions for all scopes...
2026-09-22 13:38:04.813 [info] Got 2 sessions for ...
2026-09-22 13:38:04.837 [info] Getting sessions for read:user,repo,user:email,workflow...
2026-09-22 13:38:04.837 [info] Got 1 sessions for read:user,repo,user:email,workflow...
2026-09-22 13:38:05.502 [info] Getting sessions for all scopes...
2026-09-22 13:38:05.502 [info] Got 2 sessions for ...
2026-09-22 13:38:05.502 [info] Getting sessions for all scopes...
2026-09-22 13:38:05.502 [info] Got 2 sessions for ...
2026-09-22 13:38:05.528 [info] Getting sessions for read:user,repo,user:email,workflow...
2026-09-22 13:38:05.528 [info] Got 1 sessions for read:user,repo,user:email,workflow...
2026-09-22 13:38:05.560 [info] Getting sessions for all scopes...
2026-09-22 13:38:05.560 [info] Got 2 sessions for ...
2026-09-22 13:38:05.560 [info] Getting sessions for all scopes...
2026-09-22 13:38:05.560 [info] Got 2 sessions for ...
2026-09-22 13:38:05.925 [info] Getting sessions for all scopes...
2026-09-22 13:38:05.925 [info] Got 2 sessions for ...
2026-09-22 13:38:05.929 [info] Getting sessions for read:user,repo,user:email,workflow...
2026-09-22 13:38:05.929 [info] Got 1 sessions for read:user,repo,user:email,workflow...
2026-09-22 13:38:05.937 [info] Getting sessions for all scopes...
2026-09-22 13:38:05.937 [info] Got 2 sessions for ...
2026-09-22 13:38:05.943 [info] Getting sessions for read:user,repo,user:email,workflow...
2026-09-22 13:38:05.943 [info] Got 1 sessions for read:user,repo,user:email,workflow...
2026-09-22 13:38:06.133 [info] Getting sessions for all scopes...
2026-09-22 13:38:06.133 [info] Got 2 sessions for ...
2026-09-22 13:38:06.148 [info] Getting sessions for read:user,repo,user:email,workflow...
2026-09-22 13:38:06.149 [info] Got 1 sessions for read:user,repo,user:email,workflow...
2026-09-22 13:38:06.313 [info] Getting sessions for all scopes...
2026-09-22 13:38:06.313 [info] Got 2 sessions for ...
2026-09-22 13:38:06.315 [info] Getting sessions for read:user,repo,user:email,workflow...
2026-09-22 13:38:06.316 [info] Got 1 sessions for read:user,repo,user:email,workflow...
2026-09-22 13:38:06.760 [info] Getting sessions for repo...
2026-09-22 13:38:06.760 [info] Got 0 sessions for repo...
2026-09-22 13:38:06.765 [info] Getting sessions for all scopes...
2026-09-22 13:38:06.765 [info] Got 2 sessions for ...
2026-09-22 13:38:06.774 [info] Getting sessions for read:user,user:email...
2026-09-22 13:38:06.774 [info] Got 0 sessions for read:user,user:email...
2026-09-22 13:38:06.775 [info] Getting sessions for all scopes...
2026-09-22 13:38:06.775 [info] Got 2 sessions for ...
2026-09-22 13:38:06.776 [info] Getting sessions for repo...
2026-09-22 13:38:06.776 [info] Got 0 sessions for repo...
2026-09-22 13:38:06.777 [info] Getting sessions for all scopes...
2026-09-22 13:38:06.777 [info] Got 2 sessions for ...
2026-09-22 13:38:06.908 [info] Getting sessions for all scopes...
2026-09-22 13:38:06.908 [info] Got 2 sessions for ...
2026-09-22 13:38:06.909 [info] Getting sessions for read:user,repo,user:email,workflow...
2026-09-22 13:38:06.909 [info] Got 1 sessions for read:user,repo,user:email,workflow...
2026-09-22 13:38:07.027 [info] FetcherService: Electron fetch failed with status: 429 
2026-09-22 13:38:07.032 [info] Unable to resolve optional EDU details. Status: 429 
2026-09-22 13:38:09.968 [info] Getting sessions for all scopes...
2026-09-22 13:38:09.968 [info] Got 2 sessions for ...
2026-09-22 13:38:09.971 [info] Getting sessions for read:user,repo,user:email,workflow...
2026-09-22 13:38:09.971 [info] Got 1 sessions for read:user,repo,user:email,workflow...
2026-09-22 13:38:14.055 [info] Getting sessions for all scopes...
2026-09-22 13:38:14.055 [info] Got 2 sessions for ...
2026-09-22 13:38:14.056 [info] Getting sessions for all scopes...
2026-09-22 13:38:14.056 [info] Got 2 sessions for ...
2026-09-22 13:38:14.883 [info] Getting sessions for read:user,user:email...
2026-09-22 13:38:14.883 [info] Got 0 sessions for read:user,user:email...
2026-09-22 13:38:14.886 [info] Getting sessions for all scopes...
2026-09-22 13:38:14.886 [info] Got 2 sessions for ...
2026-09-22 13:38:14.890 [info] Getting sessions for repo...
2026-09-22 13:38:14.890 [info] Got 0 sessions for repo...
2026-09-22 13:38:14.893 [info] Getting sessions for all scopes...
2026-09-22 13:38:14.893 [info] Got 2 sessions for ...
2026-09-22 13:38:14.894 [info] Getting sessions for read:user,user:email...
2026-09-22 13:38:14.894 [info] Got 0 sessions for read:user,user:email...
2026-09-22 13:38:14.895 [info] Getting sessions for all scopes...
2026-09-22 13:38:14.895 [info] Got 2 sessions for ...
2026-09-22 13:38:14.896 [info] Getting sessions for repo...
2026-09-22 13:38:14.896 [info] Got 0 sessions for repo...
2026-09-22 13:38:14.896 [info] Getting sessions for all scopes...
2026-09-22 13:38:14.897 [info] Got 2 sessions for ...
2026-09-22 13:38:22.548 [info] Getting sessions for all scopes...
2026-09-22 13:38:22.548 [info] Got 2 sessions for ...
2026-09-22 13:38:22.549 [info] Getting sessions for all scopes...
2026-09-22 13:38:22.549 [info] Got 2 sessions for ...
2026-09-22 13:38:27.480 [info] Getting sessions for all scopes...
2026-09-22 13:38:27.480 [info] Got 2 sessions for ...
2026-09-22 13:38:27.482 [info] Getting sessions for all scopes...
2026-09-22 13:38:27.482 [info] Got 2 sessions for ...
2026-09-22 13:38:48.660 [info] Getting sessions for all scopes...
2026-09-22 13:38:48.660 [info] Got 2 sessions for ...
2026-09-22 13:38:48.661 [info] Getting sessions for all scopes...
2026-09-22 13:38:48.661 [info] Got 2 sessions for ...
2026-09-22 13:39:02.327 [info] Getting sessions for all scopes...
2026-09-22 13:39:02.327 [info] Got 2 sessions for ...
2026-09-22 13:39:02.606 [info] Getting sessions for all scopes...
2026-09-22 13:39:02.606 [info] Got 2 sessions for ...
2026-09-22 13:41:44.677 [info] Getting sessions for all scopes...
2026-09-22 13:41:44.677 [info] Got 2 sessions for ...
2026-09-22 13:41:44.677 [info] Getting sessions for all scopes...
2026-09-22 13:41:44.678 [info] Got 2 sessions for ...
2026-09-22 13:41:50.449 [info] Getting sessions for all scopes...
2026-09-22 13:41:50.449 [info] Got 2 sessions for ...
2026-09-22 13:41:50.450 [info] Getting sessions for all scopes...
2026-09-22 13:41:50.450 [info] Got 2 sessions for ...
2026-09-22 13:41:58.503 [info] Getting sessions for all scopes...
2026-09-22 13:41:58.503 [info] Got 2 sessions for ...
2026-09-22 13:41:58.504 [info] Getting sessions for all scopes...
2026-09-22 13:41:58.504 [info] Got 2 sessions for ...
2026-09-22 13:42:07.618 [info] Getting sessions for all scopes...
2026-09-22 13:42:07.619 [info] Got 2 sessions for ...
2026-09-22 13:42:07.620 [info] Getting sessions for all scopes...
2026-09-22 13:42:07.620 [info] Got 2 sessions for ...
2026-09-22 13:42:25.560 [info] Getting sessions for all scopes...
2026-09-22 13:42:25.560 [info] Got 2 sessions for ...
2026-09-22 13:42:25.560 [info] Getting sessions for all scopes...
2026-09-22 13:42:25.560 [info] Got 2 sessions for ...
2026-09-22 13:42:39.198 [info] Getting sessions for all scopes...
2026-09-22 13:42:39.198 [info] Got 2 sessions for ...
2026-09-22 13:42:39.199 [info] Getting sessions for all scopes...
2026-09-22 13:42:39.199 [info] Got 2 sessions for ...
2026-09-22 13:42:52.827 [info] Getting sessions for all scopes...
2026-09-22 13:42:52.827 [info] Got 2 sessions for ...
2026-09-22 13:42:52.828 [info] Getting sessions for all scopes...
2026-09-22 13:42:52.828 [info] Got 2 sessions for ...
2026-09-22 13:42:58.136 [info] Getting sessions for all scopes...
2026-09-22 13:42:58.136 [info] Got 2 sessions for ...
2026-09-22 13:42:58.137 [info] Getting sessions for all scopes...
2026-09-22 13:42:58.137 [info] Got 2 sessions for ...
2026-09-22 13:45:45.611 [info] Getting sessions for all scopes...
2026-09-22 13:45:45.611 [info] Got 2 sessions for ...
2026-09-22 13:45:45.613 [info] Getting sessions for all scopes...
2026-09-22 13:45:45.613 [info] Got 2 sessions for ...
2026-09-22 13:45:51.424 [info] Getting sessions for all scopes...
2026-09-22 13:45:51.424 [info] Got 2 sessions for ...
2026-09-22 13:45:51.425 [info] Getting sessions for all scopes...
2026-09-22 13:45:51.425 [info] Got 2 sessions for ...
2026-09-22 13:46:36.362 [info] Getting sessions for all scopes...
2026-09-22 13:46:36.362 [info] Got 2 sessions for ...
2026-09-22 13:46:36.363 [info] Getting sessions for all scopes...
2026-09-22 13:46:36.363 [info] Got 2 sessions for ...
2026-09-22 13:47:07.159 [info] Getting sessions for all scopes...
2026-09-22 13:47:07.159 [info] Got 2 sessions for ...
2026-09-22 13:47:07.160 [info] Getting sessions for all scopes...
2026-09-22 13:47:07.160 [info] Got 2 sessions for ...
2026-09-22 13:47:07.832 [info] Getting sessions for all scopes...
2026-09-22 13:47:07.832 [info] Got 2 sessions for ...
2026-09-22 13:47:07.834 [info] Getting sessions for all scopes...
2026-09-22 13:47:07.834 [info] Got 2 sessions for ...
2026-09-22 13:47:22.223 [info] Getting sessions for all scopes...
2026-09-22 13:47:22.224 [info] Got 2 sessions for ...
2026-09-22 13:47:22.225 [info] Getting sessions for all scopes...
2026-09-22 13:47:22.225 [info] Got 2 sessions for ...
2026-09-22 13:48:15.115 [info] Getting sessions for all scopes...
2026-09-22 13:48:15.115 [info] Got 2 sessions for ...
2026-09-22 13:48:15.116 [info] Getting sessions for all scopes...
2026-09-22 13:48:15.116 [info] Got 2 sessions for ...
2026-09-22 13:48:19.106 [info] Getting sessions for all scopes...
2026-09-22 13:48:19.106 [info] Got 2 sessions for ...
2026-09-22 13:48:19.107 [info] Getting sessions for all scopes...
2026-09-22 13:48:19.107 [info] Got 2 sessions for ...
2026-09-22 13:48:33.145 [info] Getting sessions for all scopes...
2026-09-22 13:48:33.145 [info] Got 2 sessions for ...
2026-09-22 13:48:33.145 [info] Getting sessions for all scopes...
2026-09-22 13:48:33.145 [info] Got 2 sessions for ...
2026-09-22 13:48:47.291 [info] Getting sessions for all scopes...
2026-09-22 13:48:47.291 [info] Got 2 sessions for ...
2026-09-22 13:48:47.296 [info] Getting sessions for all scopes...
2026-09-22 13:48:47.296 [info] Got 2 sessions for ...
2026-09-22 13:48:57.146 [info] Getting sessions for all scopes...
2026-09-22 13:48:57.146 [info] Got 2 sessions for ...
2026-09-22 13:48:57.146 [info] Getting sessions for all scopes...
2026-09-22 13:48:57.146 [info] Got 2 sessions for ...
2026-09-22 13:49:09.333 [info] Getting sessions for all scopes...
2026-09-22 13:49:09.333 [info] Got 2 sessions for ...
2026-09-22 13:49:09.334 [info] Getting sessions for all scopes...
2026-09-22 13:49:09.334 [info] Got 2 sessions for ...
2026-09-22 13:50:59.762 [info] Getting sessions for all scopes...
2026-09-22 13:50:59.762 [info] Got 2 sessions for ...
2026-09-22 13:50:59.763 [info] Getting sessions for all scopes...
2026-09-22 13:50:59.763 [info] Got 2 sessions for ...
2026-09-22 13:51:06.288 [info] Getting sessions for all scopes...
2026-09-22 13:51:06.288 [info] Got 2 sessions for ...
2026-09-22 13:51:06.289 [info] Getting sessions for all scopes...
2026-09-22 13:51:06.289 [info] Got 2 sessions for ...
2026-09-22 13:51:36.881 [info] Getting sessions for all scopes...
2026-09-22 13:51:36.881 [info] Got 2 sessions for ...
2026-09-22 13:51:36.882 [info] Getting sessions for all scopes...
2026-09-22 13:51:36.882 [info] Got 2 sessions for ...
2026-09-22 13:52:19.356 [info] Getting sessions for all scopes...
2026-09-22 13:52:19.356 [info] Got 2 sessions for ...
2026-09-22 13:52:19.357 [info] Getting sessions for all scopes...
2026-09-22 13:52:19.357 [info] Got 2 sessions for ...
2026-09-22 13:52:21.275 [info] Getting sessions for all scopes...
2026-09-22 13:52:21.275 [info] Got 2 sessions for ...
2026-09-22 13:52:21.276 [info] Getting sessions for all scopes...
2026-09-22 13:52:21.276 [info] Got 2 sessions for ...
2026-09-22 13:52:39.006 [info] Getting sessions for all scopes...
2026-09-22 13:52:39.006 [info] Got 2 sessions for ...
2026-09-22 13:52:39.007 [info] Getting sessions for all scopes...
2026-09-22 13:52:39.007 [info] Got 2 sessions for ...
2026-09-22 13:52:46.110 [info] Getting sessions for all scopes...
2026-09-22 13:52:46.110 [info] Got 2 sessions for ...
2026-09-22 13:52:46.111 [info] Getting sessions for all scopes...
2026-09-22 13:52:46.111 [info] Got 2 sessions for ...
2026-09-22 13:52:56.918 [info] Getting sessions for all scopes...
2026-09-22 13:52:56.918 [info] Got 2 sessions for ...
2026-09-22 13:52:56.919 [info] Getting sessions for all scopes...
2026-09-22 13:52:56.919 [info] Got 2 sessions for ...
2026-09-22 13:53:05.521 [info] Getting sessions for all scopes...
2026-09-22 13:53:05.521 [info] Got 2 sessions for ...
2026-09-22 13:53:05.521 [info] Getting sessions for all scopes...
2026-09-22 13:53:05.521 [info] Got 2 sessions for ...
2026-09-22 13:53:08.969 [info] Getting sessions for all scopes...
2026-09-22 13:53:08.969 [info] Got 2 sessions for ...
2026-09-22 13:53:08.970 [info] Getting sessions for all scopes...
2026-09-22 13:53:08.970 [info] Got 2 sessions for ...
2026-09-22 13:53:11.515 [info] Getting sessions for all scopes...
2026-09-22 13:53:11.515 [info] Got 2 sessions for ...
2026-09-22 13:53:11.518 [info] Getting sessions for all scopes...
2026-09-22 13:53:11.518 [info] Got 2 sessions for ...
2026-09-22 13:53:20.064 [info] Getting sessions for all scopes...
2026-09-22 13:53:20.064 [info] Got 2 sessions for ...
2026-09-22 13:53:20.065 [info] Getting sessions for all scopes...
2026-09-22 13:53:20.065 [info] Got 2 sessions for ...
2026-09-22 13:53:35.924 [info] Getting sessions for all scopes...
2026-09-22 13:53:35.924 [info] Got 2 sessions for ...
2026-09-22 13:53:35.924 [info] Getting sessions for all scopes...
2026-09-22 13:53:35.924 [info] Got 2 sessions for ...
2026-09-22 14:01:25.459 [info] Getting sessions for all scopes...
2026-09-22 14:01:25.459 [info] Got 2 sessions for ...
2026-09-22 14:01:25.459 [info] Getting sessions for all scopes...
2026-09-22 14:01:25.459 [info] Got 2 sessions for ...
2026-09-22 14:01:26.935 [info] Getting sessions for all scopes...
2026-09-22 14:01:26.935 [info] Got 2 sessions for ...
2026-09-22 14:01:26.935 [info] Getting sessions for all scopes...
2026-09-22 14:01:26.935 [info] Got 2 sessions for ...
2026-09-22 14:07:20.520 [info] Getting sessions for all scopes...
2026-09-22 14:07:20.520 [info] Got 2 sessions for ...
2026-09-22 14:07:20.521 [info] Getting sessions for all scopes...
2026-09-22 14:07:20.521 [info] Got 2 sessions for ...
2026-09-22 14:07:35.858 [info] Getting sessions for all scopes...
2026-09-22 14:07:35.858 [info] Got 2 sessions for ...
2026-09-22 14:07:35.859 [info] Getting sessions for all scopes...
2026-09-22 14:07:35.859 [info] Got 2 sessions for ...
2026-09-22 14:07:38.715 [info] Getting sessions for all scopes...
2026-09-22 14:07:38.715 [info] Got 2 sessions for ...
2026-09-22 14:07:38.715 [info] Getting sessions for all scopes...
2026-09-22 14:07:38.715 [info] Got 2 sessions for ...
2026-09-22 14:09:48.176 [info] Getting sessions for all scopes...
2026-09-22 14:09:48.176 [info] Got 2 sessions for ...
2026-09-22 14:09:48.179 [info] Getting sessions for all scopes...
2026-09-22 14:09:48.179 [info] Got 2 sessions for ...
2026-09-22 14:10:02.887 [info] Getting sessions for all scopes...
2026-09-22 14:10:02.887 [info] Got 2 sessions for ...
2026-09-22 14:10:02.887 [info] Getting sessions for all scopes...
2026-09-22 14:10:02.887 [info] Got 2 sessions for ...
2026-09-22 14:10:19.001 [info] Getting sessions for all scopes...
2026-09-22 14:10:19.001 [info] Got 2 sessions for ...
2026-09-22 14:10:19.002 [info] Getting sessions for all scopes...
2026-09-22 14:10:19.002 [info] Got 2 sessions for ...
2026-09-22 14:13:08.680 [info] Getting sessions for all scopes...
2026-09-22 14:13:08.680 [info] Got 2 sessions for ...
2026-09-22 14:13:08.681 [info] Getting sessions for all scopes...
2026-09-22 14:13:08.681 [info] Got 2 sessions for ...
2026-09-22 14:13:10.948 [info] Getting sessions for all scopes...
2026-09-22 14:13:10.948 [info] Got 2 sessions for ...
2026-09-22 14:13:10.949 [info] Getting sessions for all scopes...
2026-09-22 14:13:10.949 [info] Got 2 sessions for ...
2026-09-22 14:13:13.540 [info] Getting sessions for all scopes...
2026-09-22 14:13:13.540 [info] Got 2 sessions for ...
2026-09-22 14:13:13.541 [info] Getting sessions for all scopes...
2026-09-22 14:13:13.541 [info] Got 2 sessions for ...
2026-09-22 14:13:16.068 [info] Getting sessions for all scopes...
2026-09-22 14:13:16.068 [info] Got 2 sessions for ...
2026-09-22 14:13:16.069 [info] Getting sessions for all scopes...
2026-09-22 14:13:16.069 [info] Got 2 sessions for ...
2026-09-22 14:16:01.689 [info] Getting sessions for all scopes...
2026-09-22 14:16:01.689 [info] Got 2 sessions for ...
2026-09-22 14:16:01.690 [info] Getting sessions for all scopes...
2026-09-22 14:16:01.690 [info] Got 2 sessions for ...
2026-09-22 14:16:06.426 [info] Getting sessions for all scopes...
2026-09-22 14:16:06.426 [info] Got 2 sessions for ...
2026-09-22 14:16:06.427 [info] Getting sessions for all scopes...
2026-09-22 14:16:06.427 [info] Got 2 sessions for ...
2026-09-22 14:16:08.560 [info] Getting sessions for all scopes...
2026-09-22 14:16:08.560 [info] Got 2 sessions for ...
2026-09-22 14:16:08.561 [info] Getting sessions for all scopes...
2026-09-22 14:16:08.561 [info] Got 2 sessions for ...
2026-09-22 14:16:14.373 [info] Getting sessions for all scopes...
2026-09-22 14:16:14.373 [info] Got 2 sessions for ...
2026-09-22 14:16:14.374 [info] Getting sessions for all scopes...
2026-09-22 14:16:14.374 [info] Got 2 sessions for ...
2026-09-22 14:16:36.735 [info] Getting sessions for all scopes...
2026-09-22 14:16:36.735 [info] Got 2 sessions for ...
2026-09-22 14:16:36.736 [info] Getting sessions for all scopes...
2026-09-22 14:16:36.736 [info] Got 2 sessions for ...
2026-09-22 14:17:45.044 [info] Getting sessions for all scopes...
2026-09-22 14:17:45.044 [info] Got 2 sessions for ...
2026-09-22 14:17:45.045 [info] Getting sessions for all scopes...
2026-09-22 14:17:45.045 [info] Got 2 sessions for ...
2026-09-22 14:18:05.147 [info] Getting sessions for all scopes...
2026-09-22 14:18:05.147 [info] Got 2 sessions for ...
2026-09-22 14:18:05.152 [info] Getting sessions for all scopes...
2026-09-22 14:18:05.181 [info] Got 2 sessions for ...
2026-09-22 14:19:58.430 [info] Getting sessions for all scopes...
2026-09-22 14:19:58.430 [info] Got 2 sessions for ...
2026-09-22 14:19:58.430 [info] Getting sessions for all scopes...
2026-09-22 14:19:58.430 [info] Got 2 sessions for ...
2026-09-22 14:20:04.208 [info] Getting sessions for all scopes...
2026-09-22 14:20:04.208 [info] Got 2 sessions for ...
2026-09-22 14:20:04.209 [info] Getting sessions for all scopes...
2026-09-22 14:20:04.209 [info] Got 2 sessions for ...
2026-09-22 14:20:05.696 [info] Getting sessions for all scopes...
2026-09-22 14:20:05.696 [info] Got 2 sessions for ...
2026-09-22 14:20:05.696 [info] Getting sessions for all scopes...
2026-09-22 14:20:05.697 [info] Got 2 sessions for ...
2026-09-22 14:20:06.712 [info] Getting sessions for all scopes...
2026-09-22 14:20:06.713 [info] Got 2 sessions for ...
2026-09-22 14:20:06.714 [info] Getting sessions for all scopes...
2026-09-22 14:20:06.714 [info] Got 2 sessions for ...
2026-09-22 14:21:06.900 [info] Getting sessions for all scopes...
2026-09-22 14:21:06.900 [info] Got 2 sessions for ...
2026-09-22 14:21:06.901 [info] Getting sessions for all scopes...
2026-09-22 14:21:06.901 [info] Got 2 sessions for ...
2026-09-22 14:21:31.221 [info] Getting sessions for all scopes...
2026-09-22 14:21:31.221 [info] Got 2 sessions for ...
2026-09-22 14:21:31.221 [info] Getting sessions for all scopes...
2026-09-22 14:21:31.221 [info] Got 2 sessions for ...
2026-09-22 14:21:44.486 [info] Getting sessions for all scopes...
2026-09-22 14:21:44.486 [info] Got 2 sessions for ...
2026-09-22 14:21:44.487 [info] Getting sessions for all scopes...
2026-09-22 14:21:44.487 [info] Got 2 sessions for ...
2026-09-22 14:21:46.659 [info] Getting sessions for all scopes...
2026-09-22 14:21:46.659 [info] Got 2 sessions for ...
2026-09-22 14:21:46.660 [info] Getting sessions for all scopes...
2026-09-22 14:21:46.660 [info] Got 2 sessions for ...
2026-09-22 14:23:50.276 [info] Getting sessions for all scopes...
2026-09-22 14:23:50.276 [info] Got 2 sessions for ...
2026-09-22 14:23:50.277 [info] Getting sessions for all scopes...
2026-09-22 14:23:50.277 [info] Got 2 sessions for ...
2026-09-22 14:23:57.976 [info] Getting sessions for all scopes...
2026-09-22 14:23:57.976 [info] Got 2 sessions for ...
2026-09-22 14:23:57.977 [info] Getting sessions for all scopes...
2026-09-22 14:23:57.977 [info] Got 2 sessions for ...
2026-09-22 14:24:08.439 [info] Getting sessions for all scopes...
2026-09-22 14:24:08.439 [info] Got 2 sessions for ...
2026-09-22 14:24:08.439 [info] Getting sessions for all scopes...
2026-09-22 14:24:08.439 [info] Got 2 sessions for ...
2026-09-22 14:24:35.173 [info] Getting sessions for all scopes...
2026-09-22 14:24:35.173 [info] Got 2 sessions for ...
2026-09-22 14:24:35.174 [info] Getting sessions for all scopes...
2026-09-22 14:24:35.174 [info] Got 2 sessions for ...
2026-09-22 14:24:37.610 [info] Getting sessions for all scopes...
2026-09-22 14:24:37.610 [info] Got 2 sessions for ...
2026-09-22 14:24:37.611 [info] Getting sessions for all scopes...
2026-09-22 14:24:37.611 [info] Got 2 sessions for ...
2026-09-22 14:24:42.557 [info] Getting sessions for all scopes...
2026-09-22 14:24:42.557 [info] Got 2 sessions for ...
2026-09-22 14:24:42.558 [info] Getting sessions for all scopes...
2026-09-22 14:24:42.558 [info] Got 2 sessions for ...
2026-09-22 14:25:19.102 [info] Getting sessions for all scopes...
2026-09-22 14:25:19.102 [info] Got 2 sessions for ...
2026-09-22 14:25:19.103 [info] Getting sessions for all scopes...
2026-09-22 14:25:19.103 [info] Got 2 sessions for ...
2026-09-22 14:25:45.162 [info] Getting sessions for all scopes...
2026-09-22 14:25:45.162 [info] Got 2 sessions for ...
2026-09-22 14:25:45.165 [info] Getting sessions for all scopes...
2026-09-22 14:25:45.165 [info] Got 2 sessions for ...
2026-09-22 14:26:23.165 [info] Getting sessions for all scopes...
2026-09-22 14:26:23.166 [info] Got 2 sessions for ...
2026-09-22 14:26:23.166 [info] Getting sessions for all scopes...
2026-09-22 14:26:23.166 [info] Got 2 sessions for ...
2026-09-22 14:27:07.708 [info] Getting sessions for all scopes...
2026-09-22 14:27:07.708 [info] Got 2 sessions for ...
2026-09-22 14:27:07.709 [info] Getting sessions for all scopes...
2026-09-22 14:27:07.709 [info] Got 2 sessions for ...
2026-09-22 14:27:24.088 [info] Getting sessions for all scopes...
2026-09-22 14:27:24.088 [info] Got 2 sessions for ...
2026-09-22 14:27:24.089 [info] Getting sessions for all scopes...
2026-09-22 14:27:24.089 [info] Got 2 sessions for ...
2026-09-22 14:28:28.528 [info] Getting sessions for all scopes...
2026-09-22 14:28:28.528 [info] Got 2 sessions for ...
2026-09-22 14:28:28.529 [info] Getting sessions for all scopes...
2026-09-22 14:28:28.529 [info] Got 2 sessions for ...
2026-09-22 14:28:32.159 [info] Getting sessions for all scopes...
2026-09-22 14:28:32.159 [info] Got 2 sessions for ...
2026-09-22 14:28:32.161 [info] Getting sessions for all scopes...
2026-09-22 14:28:32.161 [info] Got 2 sessions for ...
2026-09-22 14:28:38.599 [info] Getting sessions for all scopes...
2026-09-22 14:28:38.599 [info] Got 2 sessions for ...
2026-09-22 14:28:38.600 [info] Getting sessions for all scopes...
2026-09-22 14:28:38.601 [info] Got 2 sessions for ...
2026-09-22 14:29:10.482 [info] Getting sessions for all scopes...
2026-09-22 14:29:10.482 [info] Got 2 sessions for ...
2026-09-22 14:29:10.483 [info] Getting sessions for all scopes...
2026-09-22 14:29:10.483 [info] Got 2 sessions for ...
2026-09-22 14:29:15.012 [info] Getting sessions for all scopes...
2026-09-22 14:29:15.039 [info] Got 2 sessions for ...
2026-09-22 14:29:15.040 [info] Getting sessions for all scopes...
2026-09-22 14:29:15.041 [info] Got 2 sessions for ...
2026-09-22 14:29:26.659 [info] Getting sessions for all scopes...
2026-09-22 14:29:26.659 [info] Got 2 sessions for ...
2026-09-22 14:29:26.660 [info] Getting sessions for all scopes...
2026-09-22 14:29:26.660 [info] Got 2 sessions for ...
2026-09-22 14:29:40.779 [info] Getting sessions for all scopes...
2026-09-22 14:29:40.779 [info] Got 2 sessions for ...
2026-09-22 14:29:40.781 [info] Getting sessions for all scopes...
2026-09-22 14:29:40.782 [info] Got 2 sessions for ...
2026-09-22 14:30:45.431 [info] Getting sessions for all scopes...
2026-09-22 14:30:45.431 [info] Got 2 sessions for ...
2026-09-22 14:30:45.432 [info] Getting sessions for all scopes...
2026-09-22 14:30:45.432 [info] Got 2 sessions for ...
2026-09-22 14:30:50.271 [info] Getting sessions for all scopes...
2026-09-22 14:30:50.271 [info] Got 2 sessions for ...
2026-09-22 14:30:50.273 [info] Getting sessions for all scopes...
2026-09-22 14:30:50.273 [info] Got 2 sessions for ...
2026-09-22 14:31:15.771 [info] Getting sessions for all scopes...
2026-09-22 14:31:15.771 [info] Got 2 sessions for ...
2026-09-22 14:31:15.771 [info] Getting sessions for all scopes...
2026-09-22 14:31:15.771 [info] Got 2 sessions for ...
2026-09-22 14:32:21.211 [info] Getting sessions for all scopes...
2026-09-22 14:32:21.211 [info] Got 2 sessions for ...
2026-09-22 14:32:21.212 [info] Getting sessions for all scopes...
2026-09-22 14:32:21.212 [info] Got 2 sessions for ...
2026-09-22 14:32:32.636 [info] Getting sessions for all scopes...
2026-09-22 14:32:32.636 [info] Got 2 sessions for ...
2026-09-22 14:32:32.636 [info] Getting sessions for all scopes...
2026-09-22 14:32:32.636 [info] Got 2 sessions for ...
2026-09-22 14:32:40.744 [info] Getting sessions for all scopes...
2026-09-22 14:32:40.744 [info] Got 2 sessions for ...
2026-09-22 14:32:40.745 [info] Getting sessions for all scopes...
2026-09-22 14:32:40.745 [info] Got 2 sessions for ...
2026-09-22 14:32:50.978 [info] Getting sessions for all scopes...
2026-09-22 14:32:50.978 [info] Got 2 sessions for ...
2026-09-22 14:32:50.980 [info] Getting sessions for all scopes...
2026-09-22 14:32:50.980 [info] Got 2 sessions for ...
2026-09-22 14:32:59.879 [info] Getting sessions for all scopes...
2026-09-22 14:32:59.879 [info] Got 2 sessions for ...
2026-09-22 14:32:59.880 [info] Getting sessions for all scopes...
2026-09-22 14:32:59.880 [info] Got 2 sessions for ...
2026-09-22 14:33:15.708 [info] Getting sessions for all scopes...
2026-09-22 14:33:15.708 [info] Got 2 sessions for ...
2026-09-22 14:33:15.709 [info] Getting sessions for all scopes...
2026-09-22 14:33:15.709 [info] Got 2 sessions for ...
2026-09-22 14:33:35.411 [info] Getting sessions for all scopes...
2026-09-22 14:33:35.411 [info] Got 2 sessions for ...
2026-09-22 14:33:35.411 [info] Getting sessions for all scopes...
2026-09-22 14:33:35.411 [info] Got 2 sessions for ...
2026-09-22 14:34:04.783 [info] Getting sessions for all scopes...
2026-09-22 14:34:04.783 [info] Got 2 sessions for ...
2026-09-22 14:34:04.784 [info] Getting sessions for all scopes...
2026-09-22 14:34:04.784 [info] Got 2 sessions for ...
2026-09-22 14:34:13.265 [info] Getting sessions for all scopes...
2026-09-22 14:34:13.266 [info] Got 2 sessions for ...
2026-09-22 14:34:13.268 [info] Getting sessions for all scopes...
2026-09-22 14:34:13.268 [info] Got 2 sessions for ...
2026-09-22 14:35:30.907 [info] Getting sessions for all scopes...
2026-09-22 14:35:30.917 [info] Got 2 sessions for ...
2026-09-22 14:35:30.919 [info] Getting sessions for all scopes...
2026-09-22 14:35:30.919 [info] Got 2 sessions for ...
2026-09-22 14:35:31.524 [info] Getting sessions for all scopes...
2026-09-22 14:35:31.525 [info] Got 2 sessions for ...
2026-09-22 14:35:31.527 [info] Getting sessions for all scopes...
2026-09-22 14:35:31.527 [info] Got 2 sessions for ...
2026-09-22 14:35:44.790 [info] Getting sessions for all scopes...
2026-09-22 14:35:44.790 [info] Got 2 sessions for ...
2026-09-22 14:35:44.791 [info] Getting sessions for all scopes...
2026-09-22 14:35:44.791 [info] Got 2 sessions for ...
2026-09-22 14:36:01.552 [info] Getting sessions for all scopes...
2026-09-22 14:36:01.552 [info] Got 2 sessions for ...
2026-09-22 14:36:01.553 [info] Getting sessions for all scopes...
2026-09-22 14:36:01.553 [info] Got 2 sessions for ...
2026-09-22 14:38:09.870 [info] Getting sessions for all scopes...
2026-09-22 14:38:09.870 [info] Got 2 sessions for ...
2026-09-22 14:38:09.870 [info] Getting sessions for all scopes...
2026-09-22 14:38:09.870 [info] Got 2 sessions for ...
2026-09-22 14:38:17.455 [info] Getting sessions for read:user,user:email...
2026-09-22 14:38:17.455 [info] Got 0 sessions for read:user,user:email...
2026-09-22 14:38:17.456 [info] Getting sessions for read:user,user:email...
2026-09-22 14:38:17.456 [info] Got 0 sessions for read:user,user:email...
2026-09-22 14:38:17.459 [info] Getting sessions for all scopes...
2026-09-22 14:38:17.459 [info] Got 2 sessions for ...
2026-09-22 14:38:17.459 [info] Getting sessions for all scopes...
2026-09-22 14:38:17.459 [info] Got 2 sessions for ...
2026-09-22 14:38:17.460 [info] Getting sessions for repo...
2026-09-22 14:38:17.460 [info] Got 0 sessions for repo...
2026-09-22 14:38:17.461 [info] Getting sessions for repo...
2026-09-22 14:38:17.461 [info] Got 0 sessions for repo...
2026-09-22 14:38:17.462 [info] Getting sessions for all scopes...
2026-09-22 14:38:17.462 [info] Got 2 sessions for ...
2026-09-22 14:38:17.462 [info] Getting sessions for all scopes...
2026-09-22 14:38:17.462 [info] Got 2 sessions for ...
2026-09-22 14:38:17.463 [info] Getting sessions for read:user,user:email...
2026-09-22 14:38:17.463 [info] Got 0 sessions for read:user,user:email...
2026-09-22 14:38:17.464 [info] Getting sessions for read:user,user:email...
2026-09-22 14:38:17.464 [info] Got 0 sessions for read:user,user:email...
2026-09-22 14:38:17.464 [info] Getting sessions for all scopes...
2026-09-22 14:38:17.464 [info] Got 2 sessions for ...
2026-09-22 14:38:17.465 [info] Getting sessions for all scopes...
2026-09-22 14:38:17.465 [info] Got 2 sessions for ...
2026-09-22 14:38:17.466 [info] Getting sessions for repo...
2026-09-22 14:38:17.466 [info] Got 0 sessions for repo...
2026-09-22 14:38:17.467 [info] Getting sessions for repo...
2026-09-22 14:38:17.467 [info] Got 0 sessions for repo...
2026-09-22 14:38:17.473 [info] Getting sessions for all scopes...
2026-09-22 14:38:17.473 [info] Got 2 sessions for ...
2026-09-22 14:38:17.474 [info] Getting sessions for all scopes...
2026-09-22 14:38:17.474 [info] Got 2 sessions for ...
2026-09-22 14:40:56.548 [info] Getting sessions for all scopes...
2026-09-22 14:40:56.549 [info] Got 2 sessions for ...
2026-09-22 14:40:56.549 [info] Getting sessions for all scopes...
2026-09-22 14:40:56.549 [info] Got 2 sessions for ...
2026-09-22 14:42:29.748 [info] Getting sessions for all scopes...
2026-09-22 14:42:29.748 [info] Got 2 sessions for ...
2026-09-22 14:42:29.750 [info] Getting sessions for all scopes...
2026-09-22 14:42:29.750 [info] Got 2 sessions for ...
2026-09-22 14:42:32.752 [info] Getting sessions for all scopes...
2026-09-22 14:42:32.752 [info] Got 2 sessions for ...
2026-09-22 14:42:32.753 [info] Getting sessions for all scopes...
2026-09-22 14:42:32.753 [info] Got 2 sessions for ...
2026-09-22 14:42:41.601 [info] Getting sessions for all scopes...
2026-09-22 14:42:41.601 [info] Got 2 sessions for ...
2026-09-22 14:42:41.602 [info] Getting sessions for all scopes...
2026-09-22 14:42:41.602 [info] Got 2 sessions for ...
2026-09-22 14:42:42.209 [info] Getting sessions for all scopes...
2026-09-22 14:42:42.209 [info] Got 2 sessions for ...
2026-09-22 14:42:42.210 [info] Getting sessions for all scopes...
2026-09-22 14:42:42.210 [info] Got 2 sessions for ...
2026-09-22 14:44:30.789 [info] Getting sessions for all scopes...
2026-09-22 14:44:30.789 [info] Got 2 sessions for ...
2026-09-22 14:44:30.790 [info] Getting sessions for all scopes...
2026-09-22 14:44:30.790 [info] Got 2 sessions for ...
2026-09-22 14:50:02.685 [info] Getting sessions for all scopes...
2026-09-22 14:50:02.685 [info] Got 2 sessions for ...
2026-09-22 14:50:02.687 [info] Getting sessions for all scopes...
2026-09-22 14:50:02.687 [info] Got 2 sessions for ...
2026-09-22 14:50:10.719 [info] Getting sessions for all scopes...
2026-09-22 14:50:10.719 [info] Got 2 sessions for ...
2026-09-22 14:50:10.724 [info] Getting sessions for all scopes...
2026-09-22 14:50:10.724 [info] Got 2 sessions for ...
2026-09-22 14:50:29.339 [info] Getting sessions for all scopes...
2026-09-22 14:50:29.340 [info] Got 2 sessions for ...
2026-09-22 14:50:29.340 [info] Getting sessions for all scopes...
2026-09-22 14:50:29.340 [info] Got 2 sessions for ...
2026-09-22 14:50:44.217 [info] Getting sessions for all scopes...
2026-09-22 14:50:44.217 [info] Got 2 sessions for ...
2026-09-22 14:50:44.218 [info] Getting sessions for all scopes...
2026-09-22 14:50:44.218 [info] Got 2 sessions for ...
2026-09-22 14:51:33.662 [info] Getting sessions for all scopes...
2026-09-22 14:51:33.662 [info] Got 2 sessions for ...
2026-09-22 14:51:33.663 [info] Getting sessions for all scopes...
2026-09-22 14:51:33.663 [info] Got 2 sessions for ...
2026-09-22 14:52:22.380 [info] Getting sessions for all scopes...
2026-09-22 14:52:22.380 [info] Got 2 sessions for ...
2026-09-22 14:52:22.382 [info] Getting sessions for all scopes...
2026-09-22 14:52:22.382 [info] Got 2 sessions for ...
2026-09-22 14:53:16.308 [info] Getting sessions for all scopes...
2026-09-22 14:53:16.308 [info] Got 2 sessions for ...
2026-09-22 14:53:16.308 [info] Getting sessions for all scopes...
2026-09-22 14:53:16.308 [info] Got 2 sessions for ...
2026-09-22 14:53:19.239 [info] Getting sessions for all scopes...
2026-09-22 14:53:19.239 [info] Got 2 sessions for ...
2026-09-22 14:53:19.240 [info] Getting sessions for all scopes...
2026-09-22 14:53:19.240 [info] Got 2 sessions for ...
2026-09-22 14:54:10.206 [info] Getting sessions for all scopes...
2026-09-22 14:54:10.206 [info] Got 2 sessions for ...
2026-09-22 14:54:10.207 [info] Getting sessions for all scopes...
2026-09-22 14:54:10.207 [info] Got 2 sessions for ...
2026-09-22 14:54:10.786 [info] Getting sessions for all scopes...
2026-09-22 14:54:10.786 [info] Got 2 sessions for ...
2026-09-22 14:54:10.786 [info] Getting sessions for all scopes...
2026-09-22 14:54:10.786 [info] Got 2 sessions for ...
2026-09-22 14:54:17.800 [info] Getting sessions for all scopes...
2026-09-22 14:54:17.800 [info] Got 2 sessions for ...
2026-09-22 14:54:17.801 [info] Getting sessions for all scopes...
2026-09-22 14:54:17.801 [info] Got 2 sessions for ...
2026-09-22 14:54:19.298 [info] Getting sessions for all scopes...
2026-09-22 14:54:19.298 [info] Got 2 sessions for ...
2026-09-22 14:54:19.299 [info] Getting sessions for all scopes...
2026-09-22 14:54:19.299 [info] Got 2 sessions for ...
2026-09-22 14:54:26.084 [info] Getting sessions for all scopes...
2026-09-22 14:54:26.084 [info] Got 2 sessions for ...
2026-09-22 14:54:26.086 [info] Getting sessions for all scopes...
2026-09-22 14:54:26.086 [info] Got 2 sessions for ...
2026-09-22 14:54:38.800 [info] Getting sessions for all scopes...
2026-09-22 14:54:38.800 [info] Got 2 sessions for ...
2026-09-22 14:54:38.801 [info] Getting sessions for all scopes...
2026-09-22 14:54:38.836 [info] Got 2 sessions for ...
2026-09-22 14:54:47.650 [info] Getting sessions for all scopes...
2026-09-22 14:54:47.650 [info] Got 2 sessions for ...
2026-09-22 14:54:47.651 [info] Getting sessions for all scopes...
2026-09-22 14:54:47.651 [info] Got 2 sessions for ...
2026-09-22 14:54:53.997 [info] Getting sessions for all scopes...
2026-09-22 14:54:53.997 [info] Got 2 sessions for ...
2026-09-22 14:54:53.998 [info] Getting sessions for all scopes...
2026-09-22 14:54:53.998 [info] Got 2 sessions for ...
2026-09-22 14:54:59.994 [info] Getting sessions for all scopes...
2026-09-22 14:54:59.994 [info] Got 2 sessions for ...
2026-09-22 14:54:59.994 [info] Getting sessions for all scopes...
2026-09-22 14:54:59.994 [info] Got 2 sessions for ...
2026-09-22 14:55:25.328 [info] Getting sessions for all scopes...
2026-09-22 14:55:25.328 [info] Got 2 sessions for ...
2026-09-22 14:55:25.330 [info] Getting sessions for all scopes...
2026-09-22 14:55:25.330 [info] Got 2 sessions for ...
2026-09-22 14:55:32.816 [info] Getting sessions for all scopes...
2026-09-22 14:55:32.816 [info] Got 2 sessions for ...
2026-09-22 14:55:32.817 [info] Getting sessions for all scopes...
2026-09-22 14:55:32.817 [info] Got 2 sessions for ...
2026-09-22 14:55:38.034 [info] Getting sessions for all scopes...
2026-09-22 14:55:38.034 [info] Got 2 sessions for ...
2026-09-22 14:55:38.037 [info] Getting sessions for all scopes...
2026-09-22 14:55:38.037 [info] Got 2 sessions for ...
2026-09-22 14:55:40.743 [info] Getting sessions for all scopes...
2026-09-22 14:55:40.743 [info] Got 2 sessions for ...
2026-09-22 14:55:40.744 [info] Getting sessions for all scopes...
2026-09-22 14:55:40.744 [info] Got 2 sessions for ...
2026-09-22 14:56:00.312 [info] Getting sessions for all scopes...
2026-09-22 14:56:00.312 [info] Got 2 sessions for ...
2026-09-22 14:56:00.313 [info] Getting sessions for all scopes...
2026-09-22 14:56:00.313 [info] Got 2 sessions for ...
2026-09-22 14:56:11.921 [info] Getting sessions for all scopes...
2026-09-22 14:56:11.921 [info] Got 2 sessions for ...
2026-09-22 14:56:11.922 [info] Getting sessions for all scopes...
2026-09-22 14:56:11.922 [info] Got 2 sessions for ...
2026-09-22 14:56:26.214 [info] Getting sessions for all scopes...
2026-09-22 14:56:26.214 [info] Got 2 sessions for ...
2026-09-22 14:56:26.214 [info] Getting sessions for all scopes...
2026-09-22 14:56:26.214 [info] Got 2 sessions for ...
2026-09-22 14:56:41.052 [info] Getting sessions for all scopes...
2026-09-22 14:56:41.052 [info] Got 2 sessions for ...
2026-09-22 14:56:41.053 [info] Getting sessions for all scopes...
2026-09-22 14:56:41.053 [info] Got 2 sessions for ...
2026-09-22 14:56:50.251 [info] Getting sessions for all scopes...
2026-09-22 14:56:50.251 [info] Got 2 sessions for ...
2026-09-22 14:56:50.253 [info] Getting sessions for all scopes...
2026-09-22 14:56:50.253 [info] Got 2 sessions for ...
2026-09-22 14:57:12.000 [info] Getting sessions for all scopes...
2026-09-22 14:57:12.000 [info] Got 2 sessions for ...
2026-09-22 14:57:12.002 [info] Getting sessions for all scopes...
2026-09-22 14:57:12.002 [info] Got 2 sessions for ...
2026-09-22 14:57:32.483 [info] Getting sessions for all scopes...
2026-09-22 14:57:32.484 [info] Got 2 sessions for ...
2026-09-22 14:57:32.484 [info] Getting sessions for all scopes...
2026-09-22 14:57:32.485 [info] Got 2 sessions for ...
2026-09-22 14:57:43.095 [info] Getting sessions for all scopes...
2026-09-22 14:57:43.095 [info] Got 2 sessions for ...
2026-09-22 14:57:43.096 [info] Getting sessions for all scopes...
2026-09-22 14:57:43.096 [info] Got 2 sessions for ...
2026-09-22 14:57:45.669 [info] Getting sessions for all scopes...
2026-09-22 14:57:45.669 [info] Got 2 sessions for ...
2026-09-22 14:57:45.670 [info] Getting sessions for all scopes...
2026-09-22 14:57:45.670 [info] Got 2 sessions for ...
2026-09-22 14:57:52.205 [info] Getting sessions for all scopes...
2026-09-22 14:57:52.205 [info] Got 2 sessions for ...
2026-09-22 14:57:52.206 [info] Getting sessions for all scopes...
2026-09-22 14:57:52.206 [info] Got 2 sessions for ...
2026-09-22 14:57:55.572 [info] Getting sessions for all scopes...
2026-09-22 14:57:55.572 [info] Got 2 sessions for ...
2026-09-22 14:57:55.573 [info] Getting sessions for all scopes...
2026-09-22 14:57:55.573 [info] Got 2 sessions for ...
2026-09-22 14:58:05.492 [info] Getting sessions for all scopes...
2026-09-22 14:58:05.492 [info] Got 2 sessions for ...
2026-09-22 14:58:05.493 [info] Getting sessions for all scopes...
2026-09-22 14:58:05.493 [info] Got 2 sessions for ...
2026-09-22 14:58:14.825 [info] Getting sessions for all scopes...
2026-09-22 14:58:14.825 [info] Got 2 sessions for ...
2026-09-22 14:58:14.826 [info] Getting sessions for all scopes...
2026-09-22 14:58:14.826 [info] Got 2 sessions for ...
2026-09-22 14:58:19.359 [info] Getting sessions for all scopes...
2026-09-22 14:58:19.359 [info] Got 2 sessions for ...
2026-09-22 14:58:19.359 [info] Getting sessions for all scopes...
2026-09-22 14:58:19.359 [info] Got 2 sessions for ...
2026-09-22 14:58:24.078 [info] Getting sessions for all scopes...
2026-09-22 14:58:24.078 [info] Got 2 sessions for ...
2026-09-22 14:58:24.079 [info] Getting sessions for all scopes...
2026-09-22 14:58:24.080 [info] Got 2 sessions for ...
2026-09-22 14:58:30.487 [info] Getting sessions for all scopes...
2026-09-22 14:58:30.487 [info] Got 2 sessions for ...
2026-09-22 14:58:30.488 [info] Getting sessions for all scopes...
2026-09-22 14:58:30.488 [info] Got 2 sessions for ...
2026-09-22 14:58:50.287 [info] Getting sessions for all scopes...
2026-09-22 14:58:50.287 [info] Got 2 sessions for ...
2026-09-22 14:58:50.288 [info] Getting sessions for all scopes...
2026-09-22 14:58:50.288 [info] Got 2 sessions for ...
2026-09-22 14:59:07.669 [info] Getting sessions for all scopes...
2026-09-22 14:59:07.670 [info] Got 2 sessions for ...
2026-09-22 14:59:07.670 [info] Getting sessions for all scopes...
2026-09-22 14:59:07.670 [info] Got 2 sessions for ...
2026-09-22 14:59:12.659 [info] Getting sessions for all scopes...
2026-09-22 14:59:12.659 [info] Got 2 sessions for ...
2026-09-22 14:59:12.660 [info] Getting sessions for all scopes...
2026-09-22 14:59:12.660 [info] Got 2 sessions for ...
2026-09-22 14:59:21.641 [info] Getting sessions for all scopes...
2026-09-22 14:59:21.641 [info] Got 2 sessions for ...
2026-09-22 14:59:21.642 [info] Getting sessions for all scopes...
2026-09-22 14:59:21.642 [info] Got 2 sessions for ...
2026-09-22 14:59:53.017 [info] Getting sessions for all scopes...
2026-09-22 14:59:53.017 [info] Got 2 sessions for ...
2026-09-22 14:59:53.018 [info] Getting sessions for all scopes...
2026-09-22 14:59:53.018 [info] Got 2 sessions for ...
2026-09-22 14:59:59.804 [info] Getting sessions for all scopes...
2026-09-22 14:59:59.804 [info] Got 2 sessions for ...
2026-09-22 14:59:59.805 [info] Getting sessions for all scopes...
2026-09-22 14:59:59.805 [info] Got 2 sessions for ...
2026-09-22 15:00:08.359 [info] Getting sessions for all scopes...
2026-09-22 15:00:08.359 [info] Got 2 sessions for ...
2026-09-22 15:00:08.360 [info] Getting sessions for all scopes...
2026-09-22 15:00:08.360 [info] Got 2 sessions for ...
2026-09-22 15:00:17.739 [info] Getting sessions for all scopes...
2026-09-22 15:00:17.739 [info] Got 2 sessions for ...
2026-09-22 15:00:17.740 [info] Getting sessions for all scopes...
2026-09-22 15:00:17.740 [info] Got 2 sessions for ...
2026-09-22 15:00:22.863 [info] Getting sessions for all scopes...
2026-09-22 15:00:22.863 [info] Got 2 sessions for ...
2026-09-22 15:00:22.865 [info] Getting sessions for all scopes...
2026-09-22 15:00:22.865 [info] Got 2 sessions for ...
2026-09-22 15:00:28.575 [info] Getting sessions for all scopes...
2026-09-22 15:00:28.575 [info] Got 2 sessions for ...
2026-09-22 15:00:28.576 [info] Getting sessions for all scopes...
2026-09-22 15:00:28.576 [info] Got 2 sessions for ...
2026-09-22 15:00:35.555 [info] Getting sessions for all scopes...
2026-09-22 15:00:35.555 [info] Got 2 sessions for ...
2026-09-22 15:00:35.556 [info] Getting sessions for all scopes...
2026-09-22 15:00:35.556 [info] Got 2 sessions for ...
2026-09-22 15:01:08.947 [info] Getting sessions for all scopes...
2026-09-22 15:01:08.947 [info] Got 2 sessions for ...
2026-09-22 15:01:08.948 [info] Getting sessions for all scopes...
2026-09-22 15:01:08.948 [info] Got 2 sessions for ...
2026-09-22 15:01:55.475 [info] Getting sessions for all scopes...
2026-09-22 15:01:55.475 [info] Got 2 sessions for ...
2026-09-22 15:01:55.476 [info] Getting sessions for all scopes...
2026-09-22 15:01:55.476 [info] Got 2 sessions for ...
2026-09-22 15:06:37.301 [info] Getting sessions for all scopes...
2026-09-22 15:06:37.302 [info] Got 2 sessions for ...
2026-09-22 15:06:37.302 [info] Getting sessions for all scopes...
2026-09-22 15:06:37.302 [info] Got 2 sessions for ...
2026-09-22 15:06:37.777 [info] Getting sessions for all scopes...
2026-09-22 15:06:37.777 [info] Got 2 sessions for ...
2026-09-22 15:06:37.778 [info] Getting sessions for all scopes...
2026-09-22 15:06:37.778 [info] Got 2 sessions for ...
2026-09-22 15:06:54.573 [info] Getting sessions for all scopes...
2026-09-22 15:06:54.573 [info] Got 2 sessions for ...
2026-09-22 15:06:54.575 [info] Getting sessions for all scopes...
2026-09-22 15:06:54.575 [info] Got 2 sessions for ...
2026-09-22 15:07:16.470 [info] Getting sessions for all scopes...
2026-09-22 15:07:16.470 [info] Got 2 sessions for ...
2026-09-22 15:07:16.472 [info] Getting sessions for all scopes...
2026-09-22 15:07:16.472 [info] Got 2 sessions for ...
2026-09-22 15:08:23.084 [info] Getting sessions for all scopes...
2026-09-22 15:08:23.084 [info] Got 2 sessions for ...
2026-09-22 15:08:23.085 [info] Getting sessions for all scopes...
2026-09-22 15:08:23.085 [info] Got 2 sessions for ...
2026-09-22 15:10:10.491 [info] Getting sessions for all scopes...
2026-09-22 15:10:10.491 [info] Got 2 sessions for ...
2026-09-22 15:10:10.493 [info] Getting sessions for all scopes...
2026-09-22 15:10:10.493 [info] Got 2 sessions for ...
2026-09-22 15:10:14.924 [info] Getting sessions for all scopes...
2026-09-22 15:10:14.924 [info] Got 2 sessions for ...
2026-09-22 15:10:14.925 [info] Getting sessions for all scopes...
2026-09-22 15:10:14.925 [info] Got 2 sessions for ...
2026-09-22 15:10:19.697 [info] Getting sessions for all scopes...
2026-09-22 15:10:19.697 [info] Got 2 sessions for ...
2026-09-22 15:10:19.698 [info] Getting sessions for all scopes...
2026-09-22 15:10:19.698 [info] Got 2 sessions for ...
2026-09-22 15:10:28.413 [info] Getting sessions for all scopes...
2026-09-22 15:10:28.413 [info] Got 2 sessions for ...
2026-09-22 15:10:28.419 [info] Getting sessions for all scopes...
2026-09-22 15:10:28.419 [info] Got 2 sessions for ...
2026-09-22 15:10:31.906 [info] Getting sessions for all scopes...
2026-09-22 15:10:31.906 [info] Got 2 sessions for ...
2026-09-22 15:10:31.907 [info] Getting sessions for all scopes...
2026-09-22 15:10:31.907 [info] Got 2 sessions for ...
2026-09-22 15:10:39.297 [info] Getting sessions for all scopes...
2026-09-22 15:10:39.298 [info] Got 2 sessions for ...
2026-09-22 15:10:39.298 [info] Getting sessions for all scopes...
2026-09-22 15:10:39.298 [info] Got 2 sessions for ...
2026-09-22 15:10:44.399 [info] Getting sessions for all scopes...
2026-09-22 15:10:44.399 [info] Got 2 sessions for ...
2026-09-22 15:10:44.400 [info] Getting sessions for all scopes...
2026-09-22 15:10:44.400 [info] Got 2 sessions for ...
2026-09-22 15:10:52.911 [info] Getting sessions for all scopes...
2026-09-22 15:10:52.911 [info] Got 2 sessions for ...
2026-09-22 15:10:52.912 [info] Getting sessions for all scopes...
2026-09-22 15:10:52.912 [info] Got 2 sessions for ...
2026-09-22 15:10:55.466 [info] Getting sessions for all scopes...
2026-09-22 15:10:55.466 [info] Got 2 sessions for ...
2026-09-22 15:10:55.467 [info] Getting sessions for all scopes...
2026-09-22 15:10:55.467 [info] Got 2 sessions for ...
2026-09-22 15:14:23.917 [info] Getting sessions for all scopes...
2026-09-22 15:14:23.917 [info] Got 2 sessions for ...
2026-09-22 15:14:23.919 [info] Getting sessions for all scopes...
2026-09-22 15:14:23.919 [info] Got 2 sessions for ...
2026-09-22 15:14:24.491 [info] Getting sessions for all scopes...
2026-09-22 15:14:24.491 [info] Got 2 sessions for ...
2026-09-22 15:14:24.492 [info] Getting sessions for all scopes...
2026-09-22 15:14:24.492 [info] Got 2 sessions for ...
2026-09-22 15:16:19.686 [info] Getting sessions for all scopes...
2026-09-22 15:16:19.686 [info] Got 2 sessions for ...
2026-09-22 15:16:19.686 [info] Getting sessions for all scopes...
2026-09-22 15:16:19.686 [info] Got 2 sessions for ...
2026-09-22 15:16:51.275 [info] Getting sessions for all scopes...
2026-09-22 15:16:51.275 [info] Got 2 sessions for ...
2026-09-22 15:16:51.276 [info] Getting sessions for all scopes...
2026-09-22 15:16:51.276 [info] Got 2 sessions for ...
2026-09-22 15:16:57.712 [info] Getting sessions for all scopes...
2026-09-22 15:16:57.712 [info] Got 2 sessions for ...
2026-09-22 15:16:57.713 [info] Getting sessions for all scopes...
2026-09-22 15:16:57.713 [info] Got 2 sessions for ...
2026-09-22 15:17:03.428 [info] Getting sessions for all scopes...
2026-09-22 15:17:03.428 [info] Got 2 sessions for ...
2026-09-22 15:17:03.429 [info] Getting sessions for all scopes...
2026-09-22 15:17:03.429 [info] Got 2 sessions for ...
2026-09-22 15:17:23.933 [info] Getting sessions for all scopes...
2026-09-22 15:17:23.933 [info] Got 2 sessions for ...
2026-09-22 15:17:23.934 [info] Getting sessions for all scopes...
2026-09-22 15:17:23.934 [info] Got 2 sessions for ...
2026-09-22 15:17:31.532 [info] Getting sessions for all scopes...
2026-09-22 15:17:31.532 [info] Got 2 sessions for ...
2026-09-22 15:17:31.533 [info] Getting sessions for all scopes...
2026-09-22 15:17:31.533 [info] Got 2 sessions for ...
2026-09-22 15:17:36.948 [info] Getting sessions for all scopes...
2026-09-22 15:17:36.948 [info] Got 2 sessions for ...
2026-09-22 15:17:36.949 [info] Getting sessions for all scopes...
2026-09-22 15:17:36.949 [info] Got 2 sessions for ...
2026-09-22 15:17:44.598 [info] Getting sessions for all scopes...
2026-09-22 15:17:44.598 [info] Got 2 sessions for ...
2026-09-22 15:17:44.600 [info] Getting sessions for all scopes...
2026-09-22 15:17:44.600 [info] Got 2 sessions for ...
2026-09-22 15:18:15.789 [info] Getting sessions for all scopes...
2026-09-22 15:18:15.789 [info] Got 2 sessions for ...
2026-09-22 15:18:15.790 [info] Getting sessions for all scopes...
2026-09-22 15:18:15.790 [info] Got 2 sessions for ...
2026-09-22 15:18:32.521 [info] Getting sessions for all scopes...
2026-09-22 15:18:32.521 [info] Got 2 sessions for ...
2026-09-22 15:18:32.522 [info] Getting sessions for all scopes...
2026-09-22 15:18:32.522 [info] Got 2 sessions for ...
2026-09-22 15:18:58.905 [info] Getting sessions for all scopes...
2026-09-22 15:18:58.905 [info] Got 2 sessions for ...
2026-09-22 15:18:58.906 [info] Getting sessions for all scopes...
2026-09-22 15:18:58.906 [info] Got 2 sessions for ...
2026-09-22 15:19:26.425 [info] Getting sessions for all scopes...
2026-09-22 15:19:26.425 [info] Got 2 sessions for ...
2026-09-22 15:19:26.426 [info] Getting sessions for all scopes...
2026-09-22 15:19:26.426 [info] Got 2 sessions for ...
2026-09-22 15:22:26.705 [info] Getting sessions for all scopes...
2026-09-22 15:22:26.705 [info] Got 2 sessions for ...
2026-09-22 15:22:26.706 [info] Getting sessions for all scopes...
2026-09-22 15:22:26.706 [info] Got 2 sessions for ...
2026-09-22 15:22:48.326 [info] Getting sessions for all scopes...
2026-09-22 15:22:48.326 [info] Got 2 sessions for ...
2026-09-22 15:22:48.327 [info] Getting sessions for all scopes...
2026-09-22 15:22:48.327 [info] Got 2 sessions for ...
2026-09-22 15:22:51.372 [info] Getting sessions for all scopes...
2026-09-22 15:22:51.372 [info] Got 2 sessions for ...
2026-09-22 15:22:51.372 [info] Getting sessions for all scopes...
2026-09-22 15:22:51.372 [info] Got 2 sessions for ...
2026-09-22 15:24:35.826 [info] Getting sessions for all scopes...
2026-09-22 15:24:35.826 [info] Got 2 sessions for ...
2026-09-22 15:24:35.827 [info] Getting sessions for all scopes...
2026-09-22 15:24:35.827 [info] Got 2 sessions for ...
2026-09-22 15:25:21.175 [info] Getting sessions for all scopes...
2026-09-22 15:25:21.175 [info] Got 2 sessions for ...
2026-09-22 15:25:21.176 [info] Getting sessions for all scopes...
2026-09-22 15:25:21.177 [info] Got 2 sessions for ...
2026-09-22 15:25:26.453 [info] Getting sessions for all scopes...
2026-09-22 15:25:26.453 [info] Got 2 sessions for ...
2026-09-22 15:25:26.454 [info] Getting sessions for all scopes...
2026-09-22 15:25:26.454 [info] Got 2 sessions for ...
2026-09-22 15:25:28.313 [info] Getting sessions for all scopes...
2026-09-22 15:25:28.313 [info] Got 2 sessions for ...
2026-09-22 15:25:28.314 [info] Getting sessions for all scopes...
2026-09-22 15:25:28.315 [info] Got 2 sessions for ...
2026-09-22 15:26:04.212 [info] Getting sessions for all scopes...
2026-09-22 15:26:04.212 [info] Got 2 sessions for ...
2026-09-22 15:26:04.212 [info] Getting sessions for all scopes...
2026-09-22 15:26:04.212 [info] Got 2 sessions for ...
2026-09-22 15:26:37.165 [info] Getting sessions for all scopes...
2026-09-22 15:26:37.165 [info] Got 2 sessions for ...
2026-09-22 15:26:37.166 [info] Getting sessions for all scopes...
2026-09-22 15:26:37.166 [info] Got 2 sessions for ...
2026-09-22 15:26:44.055 [info] Getting sessions for all scopes...
2026-09-22 15:26:44.055 [info] Got 2 sessions for ...
2026-09-22 15:26:44.056 [info] Getting sessions for all scopes...
2026-09-22 15:26:44.056 [info] Got 2 sessions for ...
2026-09-22 15:26:46.786 [info] Getting sessions for all scopes...
2026-09-22 15:26:46.786 [info] Got 2 sessions for ...
2026-09-22 15:26:46.787 [info] Getting sessions for all scopes...
2026-09-22 15:26:46.787 [info] Got 2 sessions for ...
2026-09-22 15:26:49.398 [info] Getting sessions for all scopes...
2026-09-22 15:26:49.398 [info] Got 2 sessions for ...
2026-09-22 15:26:49.399 [info] Getting sessions for all scopes...
2026-09-22 15:26:49.399 [info] Got 2 sessions for ...
2026-09-22 15:26:53.711 [info] Getting sessions for all scopes...
2026-09-22 15:26:53.711 [info] Got 2 sessions for ...
2026-09-22 15:26:53.712 [info] Getting sessions for all scopes...
2026-09-22 15:26:53.712 [info] Got 2 sessions for ...
2026-09-22 15:26:58.284 [info] Getting sessions for all scopes...
2026-09-22 15:26:58.284 [info] Got 2 sessions for ...
2026-09-22 15:26:58.285 [info] Getting sessions for all scopes...
2026-09-22 15:26:58.285 [info] Got 2 sessions for ...
2026-09-22 15:27:02.201 [info] Getting sessions for all scopes...
2026-09-22 15:27:02.201 [info] Got 2 sessions for ...
2026-09-22 15:27:02.202 [info] Getting sessions for all scopes...
2026-09-22 15:27:02.202 [info] Got 2 sessions for ...
2026-09-22 15:27:07.683 [info] Getting sessions for all scopes...
2026-09-22 15:27:07.683 [info] Got 2 sessions for ...
2026-09-22 15:27:07.684 [info] Getting sessions for all scopes...
2026-09-22 15:27:07.684 [info] Got 2 sessions for ...
2026-09-22 15:27:10.895 [info] Getting sessions for all scopes...
2026-09-22 15:27:10.895 [info] Got 2 sessions for ...
2026-09-22 15:27:10.895 [info] Getting sessions for all scopes...
2026-09-22 15:27:10.895 [info] Got 2 sessions for ...
2026-09-22 15:27:19.964 [info] Getting sessions for all scopes...
2026-09-22 15:27:19.964 [info] Got 2 sessions for ...
2026-09-22 15:27:19.965 [info] Getting sessions for all scopes...
2026-09-22 15:27:19.965 [info] Got 2 sessions for ...
2026-09-22 15:27:40.797 [info] Getting sessions for all scopes...
2026-09-22 15:27:40.797 [info] Got 2 sessions for ...
2026-09-22 15:27:40.798 [info] Getting sessions for all scopes...
2026-09-22 15:27:40.799 [info] Got 2 sessions for ...
2026-09-22 15:28:11.625 [info] Getting sessions for all scopes...
2026-09-22 15:28:11.625 [info] Got 2 sessions for ...
2026-09-22 15:28:11.625 [info] Getting sessions for all scopes...
2026-09-22 15:28:11.625 [info] Got 2 sessions for ...
2026-09-22 15:28:19.688 [info] Getting sessions for all scopes...
2026-09-22 15:28:19.689 [info] Got 2 sessions for ...
2026-09-22 15:28:19.690 [info] Getting sessions for all scopes...
2026-09-22 15:28:19.690 [info] Got 2 sessions for ...
2026-09-22 15:28:27.881 [info] Getting sessions for all scopes...
2026-09-22 15:28:27.881 [info] Got 2 sessions for ...
2026-09-22 15:28:27.882 [info] Getting sessions for all scopes...
2026-09-22 15:28:27.883 [info] Got 2 sessions for ...
2026-09-22 15:28:33.973 [info] Getting sessions for all scopes...
2026-09-22 15:28:33.973 [info] Got 2 sessions for ...
2026-09-22 15:28:33.974 [info] Getting sessions for all scopes...
2026-09-22 15:28:33.974 [info] Got 2 sessions for ...
2026-09-22 15:28:41.606 [info] Getting sessions for all scopes...
2026-09-22 15:28:41.606 [info] Got 2 sessions for ...
2026-09-22 15:28:41.607 [info] Getting sessions for all scopes...
2026-09-22 15:28:41.608 [info] Got 2 sessions for ...
2026-09-22 15:29:05.033 [info] Getting sessions for all scopes...
2026-09-22 15:29:05.033 [info] Got 2 sessions for ...
2026-09-22 15:29:05.034 [info] Getting sessions for all scopes...
2026-09-22 15:29:05.034 [info] Got 2 sessions for ...
2026-09-22 15:29:13.031 [info] Getting sessions for all scopes...
2026-09-22 15:29:13.031 [info] Got 2 sessions for ...
2026-09-22 15:29:13.032 [info] Getting sessions for all scopes...
2026-09-22 15:29:13.032 [info] Got 2 sessions for ...
2026-09-22 15:29:23.083 [info] Getting sessions for all scopes...
2026-09-22 15:29:23.084 [info] Got 2 sessions for ...
2026-09-22 15:29:23.085 [info] Getting sessions for all scopes...
2026-09-22 15:29:23.085 [info] Got 2 sessions for ...
2026-09-22 15:29:27.945 [info] Getting sessions for all scopes...
2026-09-22 15:29:27.946 [info] Got 2 sessions for ...
2026-09-22 15:29:27.947 [info] Getting sessions for all scopes...
2026-09-22 15:29:27.947 [info] Got 2 sessions for ...
2026-09-22 15:29:50.436 [info] Getting sessions for all scopes...
2026-09-22 15:29:50.436 [info] Got 2 sessions for ...
2026-09-22 15:29:50.437 [info] Getting sessions for all scopes...
2026-09-22 15:29:50.437 [info] Got 2 sessions for ...
2026-09-22 15:30:00.188 [info] Getting sessions for all scopes...
2026-09-22 15:30:00.188 [info] Got 2 sessions for ...
2026-09-22 15:30:00.189 [info] Getting sessions for all scopes...
2026-09-22 15:30:00.189 [info] Got 2 sessions for ...
2026-09-22 15:30:26.146 [info] Getting sessions for all scopes...
2026-09-22 15:30:26.146 [info] Got 2 sessions for ...
2026-09-22 15:30:26.147 [info] Getting sessions for all scopes...
2026-09-22 15:30:26.147 [info] Got 2 sessions for ...
2026-09-22 15:30:39.503 [info] Getting sessions for all scopes...
2026-09-22 15:30:39.503 [info] Got 2 sessions for ...
2026-09-22 15:30:39.504 [info] Getting sessions for all scopes...
2026-09-22 15:30:39.504 [info] Got 2 sessions for ...
2026-09-22 15:30:56.716 [info] Getting sessions for all scopes...
2026-09-22 15:30:56.716 [info] Got 2 sessions for ...
2026-09-22 15:30:56.717 [info] Getting sessions for all scopes...
2026-09-22 15:30:56.717 [info] Got 2 sessions for ...
2026-09-22 15:30:59.919 [info] Getting sessions for all scopes...
2026-09-22 15:30:59.919 [info] Got 2 sessions for ...
2026-09-22 15:30:59.920 [info] Getting sessions for all scopes...
2026-09-22 15:30:59.920 [info] Got 2 sessions for ...
2026-09-22 15:31:02.645 [info] Getting sessions for all scopes...
2026-09-22 15:31:02.645 [info] Got 2 sessions for ...
2026-09-22 15:31:02.646 [info] Getting sessions for all scopes...
2026-09-22 15:31:02.646 [info] Got 2 sessions for ...
2026-09-22 15:31:07.451 [info] Getting sessions for all scopes...
2026-09-22 15:31:07.451 [info] Got 2 sessions for ...
2026-09-22 15:31:07.453 [info] Getting sessions for all scopes...
2026-09-22 15:31:07.453 [info] Got 2 sessions for ...
2026-09-22 15:31:11.847 [info] Getting sessions for all scopes...
2026-09-22 15:31:11.848 [info] Got 2 sessions for ...
2026-09-22 15:31:11.849 [info] Getting sessions for all scopes...
2026-09-22 15:31:11.849 [info] Got 2 sessions for ...
2026-09-22 15:31:17.191 [info] Getting sessions for all scopes...
2026-09-22 15:31:17.191 [info] Got 2 sessions for ...
2026-09-22 15:31:17.192 [info] Getting sessions for all scopes...
2026-09-22 15:31:17.192 [info] Got 2 sessions for ...
2026-09-22 15:31:17.646 [info] Getting sessions for all scopes...
2026-09-22 15:31:17.646 [info] Got 2 sessions for ...
2026-09-22 15:31:17.647 [info] Getting sessions for all scopes...
2026-09-22 15:31:17.648 [info] Got 2 sessions for ...
2026-09-22 15:31:26.152 [info] Getting sessions for all scopes...
2026-09-22 15:31:26.152 [info] Got 2 sessions for ...
2026-09-22 15:31:26.153 [info] Getting sessions for all scopes...
2026-09-22 15:31:26.153 [info] Got 2 sessions for ...
2026-09-22 15:31:40.449 [info] Getting sessions for all scopes...
2026-09-22 15:31:40.449 [info] Got 2 sessions for ...
2026-09-22 15:31:40.449 [info] Getting sessions for all scopes...
2026-09-22 15:31:40.449 [info] Got 2 sessions for ...
2026-09-22 15:31:53.197 [info] Getting sessions for all scopes...
2026-09-22 15:31:53.197 [info] Got 2 sessions for ...
2026-09-22 15:31:53.197 [info] Getting sessions for all scopes...
2026-09-22 15:31:53.197 [info] Got 2 sessions for ...
2026-09-22 15:32:17.347 [info] Getting sessions for all scopes...
2026-09-22 15:32:17.347 [info] Got 2 sessions for ...
2026-09-22 15:32:17.348 [info] Getting sessions for all scopes...
2026-09-22 15:32:17.348 [info] Got 2 sessions for ...
2026-09-22 15:32:21.908 [info] Getting sessions for all scopes...
2026-09-22 15:32:21.908 [info] Got 2 sessions for ...
2026-09-22 15:32:21.909 [info] Getting sessions for all scopes...
2026-09-22 15:32:21.909 [info] Got 2 sessions for ...
2026-09-22 15:32:28.106 [info] Getting sessions for all scopes...
2026-09-22 15:32:28.106 [info] Got 2 sessions for ...
2026-09-22 15:32:28.107 [info] Getting sessions for all scopes...
2026-09-22 15:32:28.107 [info] Got 2 sessions for ...
2026-09-22 15:32:34.089 [info] Getting sessions for all scopes...
2026-09-22 15:32:34.089 [info] Got 2 sessions for ...
2026-09-22 15:32:34.090 [info] Getting sessions for all scopes...
2026-09-22 15:32:34.090 [info] Got 2 sessions for ...
2026-09-22 15:32:38.409 [info] Getting sessions for all scopes...
2026-09-22 15:32:38.409 [info] Got 2 sessions for ...
2026-09-22 15:32:38.410 [info] Getting sessions for all scopes...
2026-09-22 15:32:38.410 [info] Got 2 sessions for ...
2026-09-22 15:33:18.216 [info] Getting sessions for all scopes...
2026-09-22 15:33:18.216 [info] Got 2 sessions for ...
2026-09-22 15:33:18.217 [info] Getting sessions for all scopes...
2026-09-22 15:33:18.217 [info] Got 2 sessions for ...
2026-09-22 15:35:00.790 [info] Getting sessions for all scopes...
2026-09-22 15:35:00.790 [info] Got 2 sessions for ...
2026-09-22 15:35:00.791 [info] Getting sessions for all scopes...
2026-09-22 15:35:00.791 [info] Got 2 sessions for ...
2026-09-22 15:35:12.930 [info] Getting sessions for all scopes...
2026-09-22 15:35:12.930 [info] Got 2 sessions for ...
2026-09-22 15:35:12.930 [info] Getting sessions for all scopes...
2026-09-22 15:35:12.930 [info] Got 2 sessions for ...
2026-09-22 15:35:22.173 [info] Getting sessions for all scopes...
2026-09-22 15:35:22.173 [info] Got 2 sessions for ...
2026-09-22 15:35:22.173 [info] Getting sessions for all scopes...
2026-09-22 15:35:22.173 [info] Got 2 sessions for ...
2026-09-22 15:35:38.585 [info] Getting sessions for all scopes...
2026-09-22 15:35:38.585 [info] Got 2 sessions for ...
2026-09-22 15:35:38.587 [info] Getting sessions for all scopes...
2026-09-22 15:35:38.587 [info] Got 2 sessions for ...
2026-09-22 15:35:45.320 [info] Getting sessions for all scopes...
2026-09-22 15:35:45.320 [info] Got 2 sessions for ...
2026-09-22 15:35:45.321 [info] Getting sessions for all scopes...
2026-09-22 15:35:45.321 [info] Got 2 sessions for ...
2026-09-22 15:36:19.125 [info] Getting sessions for all scopes...
2026-09-22 15:36:19.125 [info] Got 2 sessions for ...
2026-09-22 15:36:19.126 [info] Getting sessions for all scopes...
2026-09-22 15:36:19.126 [info] Got 2 sessions for ...
2026-09-22 15:37:54.817 [info] Getting sessions for all scopes...
2026-09-22 15:37:54.817 [info] Got 2 sessions for ...
2026-09-22 15:37:54.818 [info] Getting sessions for all scopes...
2026-09-22 15:37:54.818 [info] Got 2 sessions for ...
2026-09-22 15:38:00.988 [info] Getting sessions for all scopes...
2026-09-22 15:38:00.988 [info] Got 2 sessions for ...
2026-09-22 15:38:00.989 [info] Getting sessions for all scopes...
2026-09-22 15:38:00.989 [info] Got 2 sessions for ...
2026-09-22 15:38:08.615 [info] Getting sessions for all scopes...
2026-09-22 15:38:08.615 [info] Got 2 sessions for ...
2026-09-22 15:38:08.616 [info] Getting sessions for all scopes...
2026-09-22 15:38:08.616 [info] Got 2 sessions for ...
2026-09-22 15:38:13.346 [info] Getting sessions for all scopes...
2026-09-22 15:38:13.346 [info] Got 2 sessions for ...
2026-09-22 15:38:13.347 [info] Getting sessions for all scopes...
2026-09-22 15:38:13.347 [info] Got 2 sessions for ...
2026-09-22 15:38:22.107 [info] Getting sessions for read:user,user:email...
2026-09-22 15:38:22.107 [info] Got 0 sessions for read:user,user:email...
2026-09-22 15:38:22.107 [info] Getting sessions for read:user,user:email...
2026-09-22 15:38:22.108 [info] Got 0 sessions for read:user,user:email...
2026-09-22 15:38:22.115 [info] Getting sessions for all scopes...
2026-09-22 15:38:22.115 [info] Got 2 sessions for ...
2026-09-22 15:38:22.115 [info] Getting sessions for all scopes...
2026-09-22 15:38:22.115 [info] Got 2 sessions for ...
2026-09-22 15:38:22.116 [info] Getting sessions for repo...
2026-09-22 15:38:22.116 [info] Got 0 sessions for repo...
2026-09-22 15:38:22.116 [info] Getting sessions for repo...
2026-09-22 15:38:22.116 [info] Got 0 sessions for repo...
2026-09-22 15:38:22.117 [info] Getting sessions for all scopes...
2026-09-22 15:38:22.117 [info] Got 2 sessions for ...
2026-09-22 15:38:22.117 [info] Getting sessions for all scopes...
2026-09-22 15:38:22.117 [info] Got 2 sessions for ...
2026-09-22 15:38:22.117 [info] Getting sessions for read:user,user:email...
2026-09-22 15:38:22.117 [info] Got 0 sessions for read:user,user:email...
2026-09-22 15:38:22.118 [info] Getting sessions for read:user,user:email...
2026-09-22 15:38:22.118 [info] Got 0 sessions for read:user,user:email...
2026-09-22 15:38:22.118 [info] Getting sessions for all scopes...
2026-09-22 15:38:22.118 [info] Got 2 sessions for ...
2026-09-22 15:38:22.118 [info] Getting sessions for all scopes...
2026-09-22 15:38:22.118 [info] Got 2 sessions for ...
2026-09-22 15:38:22.119 [info] Getting sessions for repo...
2026-09-22 15:38:22.119 [info] Got 0 sessions for repo...
2026-09-22 15:38:22.119 [info] Getting sessions for repo...
2026-09-22 15:38:22.119 [info] Got 0 sessions for repo...
2026-09-22 15:38:22.119 [info] Getting sessions for all scopes...
2026-09-22 15:38:22.119 [info] Got 2 sessions for ...
2026-09-22 15:38:22.119 [info] Getting sessions for all scopes...
2026-09-22 15:38:22.119 [info] Got 2 sessions for ...
2026-09-22 15:38:30.833 [info] Getting sessions for all scopes...
2026-09-22 15:38:30.833 [info] Got 2 sessions for ...
2026-09-22 15:38:30.833 [info] Getting sessions for all scopes...
2026-09-22 15:38:30.833 [info] Got 2 sessions for ...
2026-09-22 15:38:52.526 [info] Getting sessions for all scopes...
2026-09-22 15:38:52.526 [info] Got 2 sessions for ...
2026-09-22 15:38:52.526 [info] Getting sessions for all scopes...
2026-09-22 15:38:52.526 [info] Got 2 sessions for ...
2026-09-22 15:38:58.138 [info] Getting sessions for all scopes...
2026-09-22 15:38:58.138 [info] Got 2 sessions for ...
2026-09-22 15:38:58.139 [info] Getting sessions for all scopes...
2026-09-22 15:38:58.139 [info] Got 2 sessions for ...
2026-09-22 15:39:09.576 [info] Getting sessions for all scopes...
2026-09-22 15:39:09.576 [info] Got 2 sessions for ...
2026-09-22 15:39:09.577 [info] Getting sessions for all scopes...
2026-09-22 15:39:09.577 [info] Got 2 sessions for ...
2026-09-22 15:40:42.263 [info] Getting sessions for all scopes...
2026-09-22 15:40:42.263 [info] Got 2 sessions for ...
2026-09-22 15:40:42.264 [info] Getting sessions for all scopes...
2026-09-22 15:40:42.264 [info] Got 2 sessions for ...
2026-09-22 15:41:04.453 [info] Getting sessions for all scopes...
2026-09-22 15:41:04.453 [info] Got 2 sessions for ...
2026-09-22 15:41:04.454 [info] Getting sessions for all scopes...
2026-09-22 15:41:04.454 [info] Got 2 sessions for ...
2026-09-22 15:41:08.562 [info] Getting sessions for all scopes...
2026-09-22 15:41:08.562 [info] Got 2 sessions for ...
2026-09-22 15:41:08.562 [info] Getting sessions for all scopes...
2026-09-22 15:41:08.562 [info] Got 2 sessions for ...
2026-09-22 15:42:16.149 [info] Getting sessions for all scopes...
2026-09-22 15:42:16.149 [info] Got 2 sessions for ...
2026-09-22 15:42:16.151 [info] Getting sessions for all scopes...
2026-09-22 15:42:16.151 [info] Got 2 sessions for ...
2026-09-22 15:42:28.937 [info] Getting sessions for all scopes...
2026-09-22 15:42:28.937 [info] Got 2 sessions for ...
2026-09-22 15:42:28.937 [info] Getting sessions for all scopes...
2026-09-22 15:42:28.937 [info] Got 2 sessions for ...
2026-09-22 15:42:33.800 [info] Getting sessions for all scopes...
2026-09-22 15:42:33.800 [info] Got 2 sessions for ...
2026-09-22 15:42:33.800 [info] Getting sessions for all scopes...
2026-09-22 15:42:33.800 [info] Got 2 sessions for ...
2026-09-22 15:43:47.472 [info] Getting sessions for all scopes...
2026-09-22 15:43:47.472 [info] Got 2 sessions for ...
2026-09-22 15:43:47.473 [info] Getting sessions for all scopes...
2026-09-22 15:43:47.473 [info] Got 2 sessions for ...
2026-09-22 15:43:57.441 [info] Getting sessions for all scopes...
2026-09-22 15:43:57.441 [info] Got 2 sessions for ...
2026-09-22 15:43:57.442 [info] Getting sessions for all scopes...
2026-09-22 15:43:57.442 [info] Got 2 sessions for ...
2026-09-22 15:44:14.573 [info] Getting sessions for all scopes...
2026-09-22 15:44:14.573 [info] Got 2 sessions for ...
2026-09-22 15:44:14.574 [info] Getting sessions for all scopes...
2026-09-22 15:44:14.574 [info] Got 2 sessions for ...
2026-09-22 15:44:19.350 [info] Getting sessions for all scopes...
2026-09-22 15:44:19.350 [info] Got 2 sessions for ...
2026-09-22 15:44:19.351 [info] Getting sessions for all scopes...
2026-09-22 15:44:19.351 [info] Got 2 sessions for ...
2026-09-22 15:44:28.162 [info] Getting sessions for all scopes...
2026-09-22 15:44:28.162 [info] Got 2 sessions for ...
2026-09-22 15:44:28.163 [info] Getting sessions for all scopes...
2026-09-22 15:44:28.163 [info] Got 2 sessions for ...
2026-09-22 15:44:32.114 [info] Getting sessions for all scopes...
2026-09-22 15:44:32.114 [info] Got 2 sessions for ...
2026-09-22 15:44:32.114 [info] Getting sessions for all scopes...
2026-09-22 15:44:32.114 [info] Got 2 sessions for ...
2026-09-22 15:44:41.317 [info] Getting sessions for all scopes...
2026-09-22 15:44:41.317 [info] Got 2 sessions for ...
2026-09-22 15:44:41.319 [info] Getting sessions for all scopes...
2026-09-22 15:44:41.319 [info] Got 2 sessions for ...
2026-09-22 15:49:33.944 [info] Getting sessions for all scopes...
2026-09-22 15:49:33.944 [info] Got 2 sessions for ...
2026-09-22 15:49:33.946 [info] Getting sessions for all scopes...
2026-09-22 15:49:33.946 [info] Got 2 sessions for ...
2026-09-22 15:49:39.002 [info] Getting sessions for all scopes...
2026-09-22 15:49:39.002 [info] Got 2 sessions for ...
2026-09-22 15:49:39.003 [info] Getting sessions for all scopes...
2026-09-22 15:49:39.036 [info] Got 2 sessions for ...
2026-09-22 15:50:01.985 [info] Getting sessions for all scopes...
2026-09-22 15:50:01.985 [info] Got 2 sessions for ...
2026-09-22 15:50:01.986 [info] Getting sessions for all scopes...
2026-09-22 15:50:01.986 [info] Got 2 sessions for ...
2026-09-22 15:50:13.917 [info] Getting sessions for all scopes...
2026-09-22 15:50:13.918 [info] Got 2 sessions for ...
2026-09-22 15:50:13.918 [info] Getting sessions for all scopes...
2026-09-22 15:50:13.919 [info] Got 2 sessions for ...
2026-09-22 15:50:19.489 [info] Getting sessions for all scopes...
2026-09-22 15:50:19.489 [info] Got 2 sessions for ...
2026-09-22 15:50:19.491 [info] Getting sessions for all scopes...
2026-09-22 15:50:19.491 [info] Got 2 sessions for ...
2026-09-22 15:50:29.357 [info] Getting sessions for all scopes...
2026-09-22 15:50:29.357 [info] Got 2 sessions for ...
2026-09-22 15:50:29.358 [info] Getting sessions for all scopes...
2026-09-22 15:50:29.358 [info] Got 2 sessions for ...
2026-09-22 15:50:40.436 [info] Getting sessions for all scopes...
2026-09-22 15:50:40.436 [info] Got 2 sessions for ...
2026-09-22 15:50:40.436 [info] Getting sessions for all scopes...
2026-09-22 15:50:40.436 [info] Got 2 sessions for ...
2026-09-22 15:57:34.286 [info] Getting sessions for all scopes...
2026-09-22 15:57:34.286 [info] Got 2 sessions for ...
2026-09-22 15:57:34.286 [info] Getting sessions for all scopes...
2026-09-22 15:57:34.286 [info] Got 2 sessions for ...
2026-09-22 15:58:17.894 [info] Getting sessions for all scopes...
2026-09-22 15:58:17.895 [info] Got 2 sessions for ...
2026-09-22 15:58:17.930 [info] Getting sessions for all scopes...
2026-09-22 15:58:17.931 [info] Got 2 sessions for ...
2026-09-22 15:58:42.832 [info] Getting sessions for all scopes...
2026-09-22 15:58:42.832 [info] Got 2 sessions for ...
2026-09-22 15:58:42.833 [info] Getting sessions for all scopes...
2026-09-22 15:58:42.833 [info] Got 2 sessions for ...
2026-09-22 16:02:13.416 [info] Getting sessions for all scopes...
2026-09-22 16:02:13.416 [info] Got 2 sessions for ...
2026-09-22 16:02:13.417 [info] Getting sessions for all scopes...
2026-09-22 16:02:13.417 [info] Got 2 sessions for ...
2026-09-22 16:02:52.368 [info] Getting sessions for all scopes...
2026-09-22 16:02:52.368 [info] Got 2 sessions for ...
2026-09-22 16:02:52.368 [info] Getting sessions for all scopes...
2026-09-22 16:02:52.368 [info] Got 2 sessions for ...
2026-09-22 16:02:59.831 [info] Getting sessions for all scopes...
2026-09-22 16:02:59.831 [info] Got 2 sessions for ...
2026-09-22 16:02:59.832 [info] Getting sessions for all scopes...
2026-09-22 16:02:59.832 [info] Got 2 sessions for ...
2026-09-22 16:03:05.560 [info] Getting sessions for all scopes...
2026-09-22 16:03:05.560 [info] Got 2 sessions for ...
2026-09-22 16:03:05.560 [info] Getting sessions for all scopes...
2026-09-22 16:03:05.560 [info] Got 2 sessions for ...
2026-09-22 16:03:14.304 [info] Getting sessions for all scopes...
2026-09-22 16:03:14.304 [info] Got 2 sessions for ...
2026-09-22 16:03:14.305 [info] Getting sessions for all scopes...
2026-09-22 16:03:14.305 [info] Got 2 sessions for ...
2026-09-22 16:03:18.277 [info] Getting sessions for all scopes...
2026-09-22 16:03:18.277 [info] Got 2 sessions for ...
2026-09-22 16:03:18.278 [info] Getting sessions for all scopes...
2026-09-22 16:03:18.278 [info] Got 2 sessions for ...
2026-09-22 16:03:43.091 [info] Getting sessions for all scopes...
2026-09-22 16:03:43.091 [info] Got 2 sessions for ...
2026-09-22 16:03:43.091 [info] Getting sessions for all scopes...
2026-09-22 16:03:43.091 [info] Got 2 sessions for ...
2026-09-22 16:03:46.504 [info] Getting sessions for all scopes...
2026-09-22 16:03:46.504 [info] Got 2 sessions for ...
2026-09-22 16:03:46.504 [info] Getting sessions for all scopes...
2026-09-22 16:03:46.504 [info] Got 2 sessions for ...
2026-09-22 16:03:52.435 [info] Getting sessions for all scopes...
2026-09-22 16:03:52.435 [info] Got 2 sessions for ...
2026-09-22 16:03:52.436 [info] Getting sessions for all scopes...
2026-09-22 16:03:52.436 [info] Got 2 sessions for ...
2026-09-22 16:03:55.797 [info] Getting sessions for all scopes...
2026-09-22 16:03:55.797 [info] Got 2 sessions for ...
2026-09-22 16:03:55.797 [info] Getting sessions for all scopes...
2026-09-22 16:03:55.797 [info] Got 2 sessions for ...
2026-09-22 16:04:01.941 [info] Getting sessions for all scopes...
2026-09-22 16:04:01.941 [info] Got 2 sessions for ...
2026-09-22 16:04:01.942 [info] Getting sessions for all scopes...
2026-09-22 16:04:01.942 [info] Got 2 sessions for ...
2026-09-22 16:04:09.947 [info] Getting sessions for all scopes...
2026-09-22 16:04:09.947 [info] Got 2 sessions for ...
2026-09-22 16:04:09.948 [info] Getting sessions for all scopes...
2026-09-22 16:04:09.948 [info] Got 2 sessions for ...
2026-09-22 16:04:30.338 [info] Getting sessions for all scopes...
2026-09-22 16:04:30.338 [info] Got 2 sessions for ...
2026-09-22 16:04:30.339 [info] Getting sessions for all scopes...
2026-09-22 16:04:30.339 [info] Got 2 sessions for ...
2026-09-22 16:04:41.007 [info] Getting sessions for all scopes...
2026-09-22 16:04:41.007 [info] Got 2 sessions for ...
2026-09-22 16:04:41.009 [info] Getting sessions for all scopes...
2026-09-22 16:04:41.009 [info] Got 2 sessions for ...
2026-09-22 16:04:41.433 [info] Getting sessions for all scopes...
2026-09-22 16:04:41.433 [info] Got 2 sessions for ...
2026-09-22 16:04:41.434 [info] Getting sessions for all scopes...
2026-09-22 16:04:41.434 [info] Got 2 sessions for ...
2026-09-22 16:05:01.880 [info] Getting sessions for all scopes...
2026-09-22 16:05:01.880 [info] Got 2 sessions for ...
2026-09-22 16:05:01.881 [info] Getting sessions for all scopes...
2026-09-22 16:05:01.881 [info] Got 2 sessions for ...
2026-09-22 16:05:06.137 [info] Getting sessions for all scopes...
2026-09-22 16:05:06.137 [info] Got 2 sessions for ...
2026-09-22 16:05:06.138 [info] Getting sessions for all scopes...
2026-09-22 16:05:06.138 [info] Got 2 sessions for ...
2026-09-22 16:05:22.536 [info] Getting sessions for all scopes...
2026-09-22 16:05:22.536 [info] Got 2 sessions for ...
2026-09-22 16:05:22.537 [info] Getting sessions for all scopes...
2026-09-22 16:05:22.537 [info] Got 2 sessions for ...
2026-09-22 16:05:35.095 [info] Getting sessions for all scopes...
2026-09-22 16:05:35.095 [info] Got 2 sessions for ...
2026-09-22 16:05:35.096 [info] Getting sessions for all scopes...
2026-09-22 16:05:35.096 [info] Got 2 sessions for ...
2026-09-22 16:05:40.006 [info] Getting sessions for all scopes...
2026-09-22 16:05:40.006 [info] Got 2 sessions for ...
2026-09-22 16:05:40.007 [info] Getting sessions for all scopes...
2026-09-22 16:05:40.007 [info] Got 2 sessions for ...
2026-09-22 16:05:45.806 [info] Getting sessions for all scopes...
2026-09-22 16:05:45.806 [info] Got 2 sessions for ...
2026-09-22 16:05:45.807 [info] Getting sessions for all scopes...
2026-09-22 16:05:45.807 [info] Got 2 sessions for ...
2026-09-22 16:05:55.844 [info] Getting sessions for all scopes...
2026-09-22 16:05:55.844 [info] Got 2 sessions for ...
2026-09-22 16:05:55.845 [info] Getting sessions for all scopes...
2026-09-22 16:05:55.845 [info] Got 2 sessions for ...
2026-09-22 16:06:10.745 [info] Getting sessions for all scopes...
2026-09-22 16:06:10.745 [info] Got 2 sessions for ...
2026-09-22 16:06:10.746 [info] Getting sessions for all scopes...
2026-09-22 16:06:10.746 [info] Got 2 sessions for ...
2026-09-22 16:06:33.949 [info] Getting sessions for all scopes...
2026-09-22 16:06:33.949 [info] Got 2 sessions for ...
2026-09-22 16:06:33.950 [info] Getting sessions for all scopes...
2026-09-22 16:06:33.950 [info] Got 2 sessions for ...
2026-09-22 16:06:39.525 [info] Getting sessions for all scopes...
2026-09-22 16:06:39.525 [info] Got 2 sessions for ...
2026-09-22 16:06:39.525 [info] Getting sessions for all scopes...
2026-09-22 16:06:39.525 [info] Got 2 sessions for ...
2026-09-22 16:06:45.213 [info] Getting sessions for all scopes...
2026-09-22 16:06:45.213 [info] Got 2 sessions for ...
2026-09-22 16:06:45.214 [info] Getting sessions for all scopes...
2026-09-22 16:06:45.214 [info] Got 2 sessions for ...
2026-09-22 16:06:51.211 [info] Getting sessions for all scopes...
2026-09-22 16:06:51.211 [info] Got 2 sessions for ...
2026-09-22 16:06:51.212 [info] Getting sessions for all scopes...
2026-09-22 16:06:51.212 [info] Got 2 sessions for ...
2026-09-22 16:07:41.858 [info] Getting sessions for all scopes...
2026-09-22 16:07:41.859 [info] Got 2 sessions for ...
2026-09-22 16:07:41.860 [info] Getting sessions for all scopes...
2026-09-22 16:07:41.860 [info] Got 2 sessions for ...
2026-09-22 16:08:02.833 [info] Getting sessions for all scopes...
2026-09-22 16:08:02.833 [info] Got 2 sessions for ...
2026-09-22 16:08:02.834 [info] Getting sessions for all scopes...
2026-09-22 16:08:02.834 [info] Got 2 sessions for ...
2026-09-22 16:08:07.536 [info] Getting sessions for all scopes...
2026-09-22 16:08:07.536 [info] Got 2 sessions for ...
2026-09-22 16:08:07.537 [info] Getting sessions for all scopes...
2026-09-22 16:08:07.537 [info] Got 2 sessions for ...
2026-09-22 16:08:12.955 [info] Getting sessions for all scopes...
2026-09-22 16:08:12.955 [info] Got 2 sessions for ...
2026-09-22 16:08:12.955 [info] Getting sessions for all scopes...
2026-09-22 16:08:12.955 [info] Got 2 sessions for ...
2026-09-22 16:08:16.530 [info] Getting sessions for all scopes...
2026-09-22 16:08:16.530 [info] Got 2 sessions for ...
2026-09-22 16:08:16.531 [info] Getting sessions for all scopes...
2026-09-22 16:08:16.531 [info] Got 2 sessions for ...
2026-09-22 16:08:24.591 [info] Getting sessions for all scopes...
2026-09-22 16:08:24.591 [info] Got 2 sessions for ...
2026-09-22 16:08:24.592 [info] Getting sessions for all scopes...
2026-09-22 16:08:24.592 [info] Got 2 sessions for ...
2026-09-22 16:08:27.034 [info] Getting sessions for all scopes...
2026-09-22 16:08:27.034 [info] Got 2 sessions for ...
2026-09-22 16:08:27.035 [info] Getting sessions for all scopes...
2026-09-22 16:08:27.035 [info] Got 2 sessions for ...
2026-09-22 16:08:31.286 [info] Getting sessions for all scopes...
2026-09-22 16:08:31.286 [info] Got 2 sessions for ...
2026-09-22 16:08:31.287 [info] Getting sessions for all scopes...
2026-09-22 16:08:31.287 [info] Got 2 sessions for ...
2026-09-22 16:08:47.235 [info] Getting sessions for all scopes...
2026-09-22 16:08:47.235 [info] Got 2 sessions for ...
2026-09-22 16:08:47.236 [info] Getting sessions for all scopes...
2026-09-22 16:08:47.236 [info] Got 2 sessions for ...
2026-09-22 16:08:57.025 [info] Getting sessions for all scopes...
2026-09-22 16:08:57.025 [info] Got 2 sessions for ...
2026-09-22 16:08:57.025 [info] Getting sessions for all scopes...
2026-09-22 16:08:57.025 [info] Got 2 sessions for ...
2026-09-22 16:09:07.013 [info] Getting sessions for all scopes...
2026-09-22 16:09:07.013 [info] Got 2 sessions for ...
2026-09-22 16:09:07.014 [info] Getting sessions for all scopes...
2026-09-22 16:09:07.014 [info] Got 2 sessions for ...
2026-09-22 16:09:16.691 [info] Getting sessions for all scopes...
2026-09-22 16:09:16.691 [info] Got 2 sessions for ...
2026-09-22 16:09:16.692 [info] Getting sessions for all scopes...
2026-09-22 16:09:16.692 [info] Got 2 sessions for ...
2026-09-22 16:09:25.896 [info] Getting sessions for all scopes...
2026-09-22 16:09:25.896 [info] Got 2 sessions for ...
2026-09-22 16:09:25.898 [info] Getting sessions for all scopes...
2026-09-22 16:09:25.898 [info] Got 2 sessions for ...
2026-09-22 16:09:29.986 [info] Getting sessions for all scopes...
2026-09-22 16:09:29.986 [info] Got 2 sessions for ...
2026-09-22 16:09:29.986 [info] Getting sessions for all scopes...
2026-09-22 16:09:29.986 [info] Got 2 sessions for ...
2026-09-22 16:09:45.157 [info] Getting sessions for all scopes...
2026-09-22 16:09:45.157 [info] Got 2 sessions for ...
2026-09-22 16:09:45.157 [info] Getting sessions for all scopes...
2026-09-22 16:09:45.158 [info] Got 2 sessions for ...
2026-09-22 16:10:20.299 [info] Getting sessions for all scopes...
2026-09-22 16:10:20.299 [info] Got 2 sessions for ...
2026-09-22 16:10:20.299 [info] Getting sessions for all scopes...
2026-09-22 16:10:20.299 [info] Got 2 sessions for ...
2026-09-22 16:10:20.924 [info] Getting sessions for all scopes...
2026-09-22 16:10:20.924 [info] Got 2 sessions for ...
2026-09-22 16:10:20.925 [info] Getting sessions for all scopes...
2026-09-22 16:10:20.925 [info] Got 2 sessions for ...
2026-09-22 16:10:38.594 [info] Getting sessions for all scopes...
2026-09-22 16:10:38.594 [info] Got 2 sessions for ...
2026-09-22 16:10:38.595 [info] Getting sessions for all scopes...
2026-09-22 16:10:38.596 [info] Got 2 sessions for ...
2026-09-22 16:10:44.953 [info] Getting sessions for all scopes...
2026-09-22 16:10:44.953 [info] Got 2 sessions for ...
2026-09-22 16:10:44.956 [info] Getting sessions for all scopes...
2026-09-22 16:10:44.956 [info] Got 2 sessions for ...
2026-09-22 16:10:49.095 [info] Getting sessions for all scopes...
2026-09-22 16:10:49.096 [info] Got 2 sessions for ...
2026-09-22 16:10:49.096 [info] Getting sessions for all scopes...
2026-09-22 16:10:49.096 [info] Got 2 sessions for ...
2026-09-22 16:10:56.320 [info] Getting sessions for all scopes...
2026-09-22 16:10:56.320 [info] Got 2 sessions for ...
2026-09-22 16:10:56.321 [info] Getting sessions for all scopes...
2026-09-22 16:10:56.321 [info] Got 2 sessions for ...
2026-09-22 16:11:01.752 [info] Getting sessions for all scopes...
2026-09-22 16:11:01.752 [info] Got 2 sessions for ...
2026-09-22 16:11:01.752 [info] Getting sessions for all scopes...
2026-09-22 16:11:01.752 [info] Got 2 sessions for ...
2026-09-22 16:11:06.990 [info] Getting sessions for all scopes...
2026-09-22 16:11:06.990 [info] Got 2 sessions for ...
2026-09-22 16:11:06.990 [info] Getting sessions for all scopes...
2026-09-22 16:11:06.990 [info] Got 2 sessions for ...
2026-09-22 16:11:10.776 [info] Getting sessions for all scopes...
2026-09-22 16:11:10.776 [info] Got 2 sessions for ...
2026-09-22 16:11:10.777 [info] Getting sessions for all scopes...
2026-09-22 16:11:10.777 [info] Got 2 sessions for ...
2026-09-22 16:11:31.980 [info] Getting sessions for all scopes...
2026-09-22 16:11:31.980 [info] Got 2 sessions for ...
2026-09-22 16:11:31.982 [info] Getting sessions for all scopes...
2026-09-22 16:11:31.982 [info] Got 2 sessions for ...
2026-09-22 16:11:38.207 [info] Getting sessions for all scopes...
2026-09-22 16:11:38.207 [info] Got 2 sessions for ...
2026-09-22 16:11:38.208 [info] Getting sessions for all scopes...
2026-09-22 16:11:38.217 [info] Got 2 sessions for ...
2026-09-22 16:17:42.988 [info] Getting sessions for all scopes...
2026-09-22 16:17:43.022 [info] Got 2 sessions for ...
2026-09-22 16:17:43.024 [info] Getting sessions for all scopes...
2026-09-22 16:17:43.024 [info] Got 2 sessions for ...
2026-09-22 16:17:50.317 [info] Getting sessions for all scopes...
2026-09-22 16:17:50.317 [info] Got 2 sessions for ...
2026-09-22 16:17:50.319 [info] Getting sessions for all scopes...
2026-09-22 16:17:50.319 [info] Got 2 sessions for ...
2026-09-22 16:17:56.519 [info] Getting sessions for all scopes...
2026-09-22 16:17:56.520 [info] Got 2 sessions for ...
2026-09-22 16:17:56.521 [info] Getting sessions for all scopes...
2026-09-22 16:17:56.521 [info] Got 2 sessions for ...
2026-09-22 16:17:57.898 [info] Getting sessions for all scopes...
2026-09-22 16:17:57.898 [info] Got 2 sessions for ...
2026-09-22 16:17:57.899 [info] Getting sessions for all scopes...
2026-09-22 16:17:57.899 [info] Got 2 sessions for ...
2026-09-22 16:18:15.602 [info] Getting sessions for all scopes...
2026-09-22 16:18:15.602 [info] Got 2 sessions for ...
2026-09-22 16:18:15.604 [info] Getting sessions for all scopes...
2026-09-22 16:18:15.604 [info] Got 2 sessions for ...
2026-09-22 16:18:28.253 [info] Getting sessions for all scopes...
2026-09-22 16:18:28.253 [info] Got 2 sessions for ...
2026-09-22 16:18:28.253 [info] Getting sessions for all scopes...
2026-09-22 16:18:28.254 [info] Got 2 sessions for ...
2026-09-22 16:18:33.577 [info] Getting sessions for all scopes...
2026-09-22 16:18:33.577 [info] Got 2 sessions for ...
2026-09-22 16:18:33.578 [info] Getting sessions for all scopes...
2026-09-22 16:18:33.578 [info] Got 2 sessions for ...
2026-09-22 16:18:44.817 [info] Getting sessions for all scopes...
2026-09-22 16:18:44.817 [info] Got 2 sessions for ...
2026-09-22 16:18:44.818 [info] Getting sessions for all scopes...
2026-09-22 16:18:44.818 [info] Got 2 sessions for ...
2026-09-22 16:18:55.482 [info] Getting sessions for all scopes...
2026-09-22 16:18:55.482 [info] Got 2 sessions for ...
2026-09-22 16:18:55.486 [info] Getting sessions for all scopes...
2026-09-22 16:18:55.486 [info] Got 2 sessions for ...
2026-09-22 16:19:42.404 [info] Getting sessions for all scopes...
2026-09-22 16:19:42.404 [info] Got 2 sessions for ...
2026-09-22 16:19:42.405 [info] Getting sessions for all scopes...
2026-09-22 16:19:42.405 [info] Got 2 sessions for ...
2026-09-22 16:19:53.412 [info] Getting sessions for all scopes...
2026-09-22 16:19:53.412 [info] Got 2 sessions for ...
2026-09-22 16:19:53.413 [info] Getting sessions for all scopes...
2026-09-22 16:19:53.413 [info] Got 2 sessions for ...
2026-09-22 16:20:15.880 [info] Getting sessions for all scopes...
2026-09-22 16:20:15.880 [info] Got 2 sessions for ...
2026-09-22 16:20:15.881 [info] Getting sessions for all scopes...
2026-09-22 16:20:15.881 [info] Got 2 sessions for ...
2026-09-22 16:20:20.382 [info] Getting sessions for all scopes...
2026-09-22 16:20:20.382 [info] Got 2 sessions for ...
2026-09-22 16:20:20.383 [info] Getting sessions for all scopes...
2026-09-22 16:20:20.383 [info] Got 2 sessions for ...
2026-09-22 16:20:24.738 [info] Getting sessions for all scopes...
2026-09-22 16:20:24.738 [info] Got 2 sessions for ...
2026-09-22 16:20:24.739 [info] Getting sessions for all scopes...
2026-09-22 16:20:24.739 [info] Got 2 sessions for ...
2026-09-22 16:20:37.547 [info] Getting sessions for all scopes...
2026-09-22 16:20:37.547 [info] Got 2 sessions for ...
2026-09-22 16:20:37.548 [info] Getting sessions for all scopes...
2026-09-22 16:20:37.548 [info] Got 2 sessions for ...
2026-09-22 16:20:43.971 [info] Getting sessions for all scopes...
2026-09-22 16:20:43.971 [info] Got 2 sessions for ...
2026-09-22 16:20:43.971 [info] Getting sessions for all scopes...
2026-09-22 16:20:43.971 [info] Got 2 sessions for ...
2026-09-22 16:20:50.443 [info] Getting sessions for all scopes...
2026-09-22 16:20:50.443 [info] Got 2 sessions for ...
2026-09-22 16:20:50.443 [info] Getting sessions for all scopes...
2026-09-22 16:20:50.444 [info] Got 2 sessions for ...
2026-09-22 16:20:57.535 [info] Getting sessions for all scopes...
2026-09-22 16:20:57.536 [info] Got 2 sessions for ...
2026-09-22 16:20:57.537 [info] Getting sessions for all scopes...
2026-09-22 16:20:57.537 [info] Got 2 sessions for ...
2026-09-22 16:21:01.740 [info] Getting sessions for all scopes...
2026-09-22 16:21:01.740 [info] Got 2 sessions for ...
2026-09-22 16:21:01.740 [info] Getting sessions for all scopes...
2026-09-22 16:21:01.740 [info] Got 2 sessions for ...
2026-09-22 16:21:24.035 [info] Getting sessions for all scopes...
2026-09-22 16:21:24.035 [info] Got 2 sessions for ...
2026-09-22 16:21:24.036 [info] Getting sessions for all scopes...
2026-09-22 16:21:24.036 [info] Got 2 sessions for ...
2026-09-22 16:22:12.770 [info] Getting sessions for all scopes...
2026-09-22 16:22:12.770 [info] Got 2 sessions for ...
2026-09-22 16:22:12.775 [info] Getting sessions for all scopes...
2026-09-22 16:22:12.775 [info] Got 2 sessions for ...
2026-09-22 16:23:06.916 [info] Getting sessions for all scopes...
2026-09-22 16:23:06.917 [info] Got 2 sessions for ...
2026-09-22 16:23:06.917 [info] Getting sessions for all scopes...
2026-09-22 16:23:06.917 [info] Got 2 sessions for ...
2026-09-22 16:23:37.910 [info] Getting sessions for all scopes...
2026-09-22 16:23:37.910 [info] Got 2 sessions for ...
2026-09-22 16:23:37.910 [info] Getting sessions for all scopes...
2026-09-22 16:23:37.910 [info] Got 2 sessions for ...
2026-09-22 16:24:13.005 [info] Getting sessions for all scopes...
2026-09-22 16:24:13.005 [info] Got 2 sessions for ...
2026-09-22 16:24:13.005 [info] Getting sessions for all scopes...
2026-09-22 16:24:13.006 [info] Got 2 sessions for ...
2026-09-22 16:26:11.935 [info] Getting sessions for all scopes...
2026-09-22 16:26:11.935 [info] Got 2 sessions for ...
2026-09-22 16:26:11.936 [info] Getting sessions for all scopes...
2026-09-22 16:26:11.936 [info] Got 2 sessions for ...
2026-09-22 16:26:21.168 [info] Getting sessions for all scopes...
2026-09-22 16:26:21.168 [info] Got 2 sessions for ...
2026-09-22 16:26:21.169 [info] Getting sessions for all scopes...
2026-09-22 16:26:21.169 [info] Got 2 sessions for ...
2026-09-22 16:26:35.645 [info] Getting sessions for all scopes...
2026-09-22 16:26:35.645 [info] Got 2 sessions for ...
2026-09-22 16:26:35.646 [info] Getting sessions for all scopes...
2026-09-22 16:26:35.646 [info] Got 2 sessions for ...
2026-09-22 16:26:47.100 [info] Getting sessions for all scopes...
2026-09-22 16:26:47.100 [info] Got 2 sessions for ...
2026-09-22 16:26:47.100 [info] Getting sessions for all scopes...
2026-09-22 16:26:47.100 [info] Got 2 sessions for ...
2026-09-22 16:27:18.487 [info] Getting sessions for all scopes...
2026-09-22 16:27:18.487 [info] Got 2 sessions for ...
2026-09-22 16:27:18.488 [info] Getting sessions for all scopes...
2026-09-22 16:27:18.488 [info] Got 2 sessions for ...
2026-09-22 16:27:37.524 [info] Getting sessions for all scopes...
2026-09-22 16:27:37.524 [info] Got 2 sessions for ...
2026-09-22 16:27:37.524 [info] Getting sessions for all scopes...
2026-09-22 16:27:37.524 [info] Got 2 sessions for ...
2026-09-22 16:29:07.245 [info] Getting sessions for all scopes...
2026-09-22 16:29:07.245 [info] Got 2 sessions for ...
2026-09-22 16:29:07.246 [info] Getting sessions for all scopes...
2026-09-22 16:29:07.246 [info] Got 2 sessions for ...
2026-09-22 16:29:18.140 [info] Getting sessions for all scopes...
2026-09-22 16:29:18.140 [info] Got 2 sessions for ...
2026-09-22 16:29:18.140 [info] Getting sessions for all scopes...
2026-09-22 16:29:18.140 [info] Got 2 sessions for ...
2026-09-22 16:31:05.647 [info] Getting sessions for all scopes...
2026-09-22 16:31:05.647 [info] Got 2 sessions for ...
2026-09-22 16:31:05.648 [info] Getting sessions for all scopes...
2026-09-22 16:31:05.648 [info] Got 2 sessions for ...
2026-09-22 16:31:55.879 [info] Getting sessions for all scopes...
2026-09-22 16:31:55.879 [info] Got 2 sessions for ...
2026-09-22 16:31:55.879 [info] Getting sessions for all scopes...
2026-09-22 16:31:55.879 [info] Got 2 sessions for ...
2026-09-22 16:32:30.779 [info] Getting sessions for all scopes...
2026-09-22 16:32:30.779 [info] Got 2 sessions for ...
2026-09-22 16:32:30.779 [info] Getting sessions for all scopes...
2026-09-22 16:32:30.780 [info] Got 2 sessions for ...
2026-09-22 16:32:39.799 [info] Getting sessions for all scopes...
2026-09-22 16:32:39.799 [info] Got 2 sessions for ...
2026-09-22 16:32:39.800 [info] Getting sessions for all scopes...
2026-09-22 16:32:39.800 [info] Got 2 sessions for ...
2026-09-22 16:32:47.942 [info] Getting sessions for all scopes...
2026-09-22 16:32:47.942 [info] Got 2 sessions for ...
2026-09-22 16:32:47.946 [info] Getting sessions for all scopes...
2026-09-22 16:32:47.946 [info] Got 2 sessions for ...
2026-09-22 16:35:08.368 [info] Getting sessions for all scopes...
2026-09-22 16:35:08.368 [info] Got 2 sessions for ...
2026-09-22 16:35:08.368 [info] Getting sessions for all scopes...
2026-09-22 16:35:08.369 [info] Got 2 sessions for ...
2026-09-22 16:36:03.171 [info] Getting sessions for all scopes...
2026-09-22 16:36:03.171 [info] Got 2 sessions for ...
2026-09-22 16:36:03.171 [info] Getting sessions for all scopes...
2026-09-22 16:36:03.171 [info] Got 2 sessions for ...
2026-09-22 16:37:09.531 [info] Getting sessions for all scopes...
2026-09-22 16:37:09.531 [info] Got 2 sessions for ...
2026-09-22 16:37:09.532 [info] Getting sessions for all scopes...
2026-09-22 16:37:09.532 [info] Got 2 sessions for ...
2026-09-22 16:37:11.905 [info] Getting sessions for all scopes...
2026-09-22 16:37:11.905 [info] Got 2 sessions for ...
2026-09-22 16:37:11.906 [info] Getting sessions for all scopes...
2026-09-22 16:37:11.906 [info] Got 2 sessions for ...
2026-09-22 16:37:25.033 [info] Getting sessions for all scopes...
2026-09-22 16:37:25.033 [info] Got 2 sessions for ...
2026-09-22 16:37:25.033 [info] Getting sessions for all scopes...
2026-09-22 16:37:25.033 [info] Got 2 sessions for ...
2026-09-22 16:37:33.195 [info] Getting sessions for all scopes...
2026-09-22 16:37:33.195 [info] Got 2 sessions for ...
2026-09-22 16:37:33.196 [info] Getting sessions for all scopes...
2026-09-22 16:37:33.196 [info] Got 2 sessions for ...
2026-09-22 16:37:38.894 [info] Getting sessions for all scopes...
2026-09-22 16:37:38.894 [info] Got 2 sessions for ...
2026-09-22 16:37:38.895 [info] Getting sessions for all scopes...
2026-09-22 16:37:38.895 [info] Got 2 sessions for ...
2026-09-22 16:44:46.863 [info] Getting sessions for all scopes...
2026-09-22 16:44:46.863 [info] Got 2 sessions for ...
2026-09-22 16:44:46.865 [info] Getting sessions for all scopes...
2026-09-22 16:44:46.865 [info] Got 2 sessions for ...
2026-09-22 16:44:55.088 [info] Getting sessions for read:user,user:email...
2026-09-22 16:44:55.088 [info] Got 0 sessions for read:user,user:email...
2026-09-22 16:44:55.088 [info] Getting sessions for read:user,user:email...
2026-09-22 16:44:55.088 [info] Got 0 sessions for read:user,user:email...
2026-09-22 16:44:55.089 [info] Getting sessions for all scopes...
2026-09-22 16:44:55.089 [info] Got 2 sessions for ...
2026-09-22 16:44:55.090 [info] Getting sessions for all scopes...
2026-09-22 16:44:55.090 [info] Got 2 sessions for ...
2026-09-22 16:44:55.090 [info] Getting sessions for repo...
2026-09-22 16:44:55.090 [info] Got 0 sessions for repo...
2026-09-22 16:44:55.090 [info] Getting sessions for repo...
2026-09-22 16:44:55.090 [info] Got 0 sessions for repo...
2026-09-22 16:44:55.090 [info] Getting sessions for all scopes...
2026-09-22 16:44:55.090 [info] Got 2 sessions for ...
2026-09-22 16:44:55.091 [info] Getting sessions for all scopes...
2026-09-22 16:44:55.091 [info] Got 2 sessions for ...
2026-09-22 16:44:55.091 [info] Getting sessions for read:user,user:email...
2026-09-22 16:44:55.091 [info] Got 0 sessions for read:user,user:email...
2026-09-22 16:44:55.091 [info] Getting sessions for read:user,user:email...
2026-09-22 16:44:55.091 [info] Got 0 sessions for read:user,user:email...
2026-09-22 16:44:55.091 [info] Getting sessions for all scopes...
2026-09-22 16:44:55.091 [info] Got 2 sessions for ...
2026-09-22 16:44:55.091 [info] Getting sessions for all scopes...
2026-09-22 16:44:55.091 [info] Got 2 sessions for ...
2026-09-22 16:44:55.091 [info] Getting sessions for repo...
2026-09-22 16:44:55.091 [info] Got 0 sessions for repo...
2026-09-22 16:44:55.091 [info] Getting sessions for repo...
2026-09-22 16:44:55.091 [info] Got 0 sessions for repo...
2026-09-22 16:44:55.092 [info] Getting sessions for all scopes...
2026-09-22 16:44:55.092 [info] Got 2 sessions for ...
2026-09-22 16:44:55.092 [info] Getting sessions for all scopes...
2026-09-22 16:44:55.092 [info] Got 2 sessions for ...
2026-09-22 16:45:01.775 [info] Getting sessions for all scopes...
2026-09-22 16:45:01.775 [info] Got 2 sessions for ...
2026-09-22 16:45:01.777 [info] Getting sessions for all scopes...
2026-09-22 16:45:01.777 [info] Got 2 sessions for ...
2026-09-22 16:45:16.422 [info] Getting sessions for all scopes...
2026-09-22 16:45:16.422 [info] Got 2 sessions for ...
2026-09-22 16:45:16.423 [info] Getting sessions for all scopes...
2026-09-22 16:45:16.423 [info] Got 2 sessions for ...
2026-09-22 16:46:50.911 [info] Getting sessions for all scopes...
2026-09-22 16:46:50.911 [info] Got 2 sessions for ...
2026-09-22 16:46:50.911 [info] Getting sessions for all scopes...
2026-09-22 16:46:50.911 [info] Got 2 sessions for ...
2026-09-22 16:47:41.855 [info] Getting sessions for all scopes...
2026-09-22 16:47:41.855 [info] Got 2 sessions for ...
2026-09-22 16:47:41.860 [info] Getting sessions for all scopes...
2026-09-22 16:47:41.860 [info] Got 2 sessions for ...
2026-09-22 16:48:16.598 [info] Getting sessions for all scopes...
2026-09-22 16:48:16.598 [info] Got 2 sessions for ...
2026-09-22 16:48:16.599 [info] Getting sessions for all scopes...
2026-09-22 16:48:16.599 [info] Got 2 sessions for ...
2026-09-22 16:48:49.732 [info] Getting sessions for all scopes...
2026-09-22 16:48:49.732 [info] Got 2 sessions for ...
2026-09-22 16:48:49.735 [info] Getting sessions for all scopes...
2026-09-22 16:48:49.735 [info] Got 2 sessions for ...
2026-09-22 16:54:59.829 [info] Getting sessions for all scopes...
2026-09-22 16:54:59.840 [info] Got 2 sessions for ...
2026-09-22 16:54:59.841 [info] Getting sessions for all scopes...
2026-09-22 16:54:59.841 [info] Got 2 sessions for ...
2026-09-22 16:55:19.850 [info] Getting sessions for all scopes...
2026-09-22 16:55:19.850 [info] Got 2 sessions for ...
2026-09-22 16:55:19.851 [info] Getting sessions for all scopes...
2026-09-22 16:55:19.851 [info] Got 2 sessions for ...
2026-09-22 17:11:25.454 [info] Getting sessions for all scopes...
2026-09-22 17:11:25.454 [info] Got 2 sessions for ...
2026-09-22 17:11:25.454 [info] Getting sessions for all scopes...
2026-09-22 17:11:25.454 [info] Got 2 sessions for ...
2026-09-22 17:11:38.964 [info] Getting sessions for all scopes...
2026-09-22 17:11:38.964 [info] Got 2 sessions for ...
2026-09-22 17:11:38.965 [info] Getting sessions for all scopes...
2026-09-22 17:11:38.965 [info] Got 2 sessions for ...
2026-09-22 17:11:48.320 [info] Getting sessions for all scopes...
2026-09-22 17:11:48.320 [info] Got 2 sessions for ...
2026-09-22 17:11:48.321 [info] Getting sessions for all scopes...
2026-09-22 17:11:48.321 [info] Got 2 sessions for ...
2026-09-22 17:12:33.203 [info] Getting sessions for all scopes...
2026-09-22 17:12:33.203 [info] Got 2 sessions for ...
2026-09-22 17:12:33.203 [info] Getting sessions for all scopes...
2026-09-22 17:12:33.203 [info] Got 2 sessions for ...
2026-09-22 17:12:52.995 [info] Getting sessions for all scopes...
2026-09-22 17:12:52.995 [info] Got 2 sessions for ...
2026-09-22 17:12:52.996 [info] Getting sessions for all scopes...
2026-09-22 17:12:52.996 [info] Got 2 sessions for ...
2026-09-22 17:13:03.403 [info] Getting sessions for all scopes...
2026-09-22 17:13:03.403 [info] Got 2 sessions for ...
2026-09-22 17:13:03.403 [info] Getting sessions for all scopes...
2026-09-22 17:13:03.403 [info] Got 2 sessions for ...
2026-09-22 17:13:17.821 [info] Getting sessions for all scopes...
2026-09-22 17:13:17.821 [info] Got 2 sessions for ...
2026-09-22 17:13:17.822 [info] Getting sessions for all scopes...
2026-09-22 17:13:17.822 [info] Got 2 sessions for ...
2026-09-22 17:13:36.015 [info] Getting sessions for all scopes...
2026-09-22 17:13:36.015 [info] Got 2 sessions for ...
2026-09-22 17:13:36.016 [info] Getting sessions for all scopes...
2026-09-22 17:13:36.016 [info] Got 2 sessions for ...
2026-09-22 17:15:02.409 [info] Getting sessions for all scopes...
2026-09-22 17:15:02.409 [info] Got 2 sessions for ...
2026-09-22 17:15:02.410 [info] Getting sessions for all scopes...
2026-09-22 17:15:02.410 [info] Got 2 sessions for ...
2026-09-22 17:15:16.464 [info] Getting sessions for all scopes...
2026-09-22 17:15:16.464 [info] Got 2 sessions for ...
2026-09-22 17:15:16.465 [info] Getting sessions for all scopes...
2026-09-22 17:15:16.465 [info] Got 2 sessions for ...
2026-09-22 17:15:17.579 [info] Getting sessions for all scopes...
2026-09-22 17:15:17.579 [info] Got 2 sessions for ...
2026-09-22 17:15:17.581 [info] Getting sessions for all scopes...
2026-09-22 17:15:17.582 [info] Got 2 sessions for ...
2026-09-22 17:15:33.420 [info] Getting sessions for all scopes...
2026-09-22 17:15:33.420 [info] Got 2 sessions for ...
2026-09-22 17:15:33.421 [info] Getting sessions for all scopes...
2026-09-22 17:15:33.421 [info] Got 2 sessions for ...
2026-09-22 17:15:35.340 [info] Getting sessions for all scopes...
2026-09-22 17:15:35.340 [info] Got 2 sessions for ...
2026-09-22 17:15:35.376 [info] Getting sessions for all scopes...
2026-09-22 17:15:35.376 [info] Got 2 sessions for ...
2026-09-22 17:17:25.162 [info] Getting sessions for all scopes...
2026-09-22 17:17:25.162 [info] Got 2 sessions for ...
2026-09-22 17:17:25.163 [info] Getting sessions for all scopes...
2026-09-22 17:17:25.163 [info] Got 2 sessions for ...
2026-09-22 17:17:44.532 [info] Getting sessions for all scopes...
2026-09-22 17:17:44.532 [info] Got 2 sessions for ...
2026-09-22 17:17:44.534 [info] Getting sessions for all scopes...
2026-09-22 17:17:44.534 [info] Got 2 sessions for ...
2026-09-22 17:18:29.754 [info] Getting sessions for all scopes...
2026-09-22 17:18:29.754 [info] Got 2 sessions for ...
2026-09-22 17:18:29.755 [info] Getting sessions for all scopes...
2026-09-22 17:18:29.755 [info] Got 2 sessions for ...
2026-09-22 17:18:30.999 [info] Getting sessions for all scopes...
2026-09-22 17:18:31.001 [info] Got 2 sessions for ...
2026-09-22 17:18:31.002 [info] Getting sessions for all scopes...
2026-09-22 17:18:31.002 [info] Got 2 sessions for ...
2026-09-22 17:18:37.584 [info] Getting sessions for all scopes...
2026-09-22 17:18:37.584 [info] Got 2 sessions for ...
2026-09-22 17:18:37.586 [info] Getting sessions for all scopes...
2026-09-22 17:18:37.586 [info] Got 2 sessions for ...
2026-09-22 17:19:47.974 [info] Getting sessions for all scopes...
2026-09-22 17:19:47.974 [info] Got 2 sessions for ...
2026-09-22 17:19:47.975 [info] Getting sessions for all scopes...
2026-09-22 17:19:47.975 [info] Got 2 sessions for ...
2026-09-22 17:24:48.512 [info] Getting sessions for all scopes...
2026-09-22 17:24:48.512 [info] Got 2 sessions for ...
2026-09-22 17:24:48.512 [info] Getting sessions for all scopes...
2026-09-22 17:24:48.512 [info] Got 2 sessions for ...
2026-09-22 22:45:42.192 [info] Getting sessions for all scopes...
2026-09-22 22:45:42.192 [info] Got 2 sessions for ...
2026-09-22 22:45:42.193 [info] Getting sessions for all scopes...
2026-09-22 22:45:42.193 [info] Got 2 sessions for ...
2026-09-22 22:45:48.969 [info] Getting sessions for read:user,user:email...
2026-09-22 22:45:48.970 [info] Got 0 sessions for read:user,user:email...
2026-09-22 22:45:48.970 [info] Getting sessions for read:user,user:email...
2026-09-22 22:45:48.970 [info] Got 0 sessions for read:user,user:email...
2026-09-22 22:45:48.973 [info] Getting sessions for all scopes...
2026-09-22 22:45:48.973 [info] Got 2 sessions for ...
2026-09-22 22:45:48.974 [info] Getting sessions for all scopes...
2026-09-22 22:45:48.974 [info] Got 2 sessions for ...
2026-09-22 22:45:48.974 [info] Getting sessions for repo...
2026-09-22 22:45:48.974 [info] Got 0 sessions for repo...
2026-09-22 22:45:48.975 [info] Getting sessions for repo...
2026-09-22 22:45:48.975 [info] Got 0 sessions for repo...
2026-09-22 22:45:48.975 [info] Getting sessions for all scopes...
2026-09-22 22:45:48.975 [info] Got 2 sessions for ...
2026-09-22 22:45:48.976 [info] Getting sessions for all scopes...
2026-09-22 22:45:48.976 [info] Got 2 sessions for ...
2026-09-22 22:45:48.976 [info] Getting sessions for read:user,user:email...
2026-09-22 22:45:48.976 [info] Got 0 sessions for read:user,user:email...
2026-09-22 22:45:48.976 [info] Getting sessions for read:user,user:email...
2026-09-22 22:45:48.976 [info] Got 0 sessions for read:user,user:email...
2026-09-22 22:45:48.977 [info] Getting sessions for all scopes...
2026-09-22 22:45:48.977 [info] Got 2 sessions for ...
2026-09-22 22:45:48.978 [info] Getting sessions for all scopes...
2026-09-22 22:45:48.978 [info] Got 2 sessions for ...
2026-09-22 22:45:48.978 [info] Getting sessions for repo...
2026-09-22 22:45:48.978 [info] Got 0 sessions for repo...
2026-09-22 22:45:48.978 [info] Getting sessions for repo...
2026-09-22 22:45:48.978 [info] Got 0 sessions for repo...
2026-09-22 22:45:48.979 [info] Getting sessions for all scopes...
2026-09-22 22:45:48.979 [info] Got 2 sessions for ...
2026-09-22 22:45:48.979 [info] Getting sessions for all scopes...
2026-09-22 22:45:48.979 [info] Got 2 sessions for ...
2026-09-22 22:45:59.998 [info] Getting sessions for all scopes...
2026-09-22 22:45:59.998 [info] Got 2 sessions for ...
2026-09-22 22:45:59.999 [info] Getting sessions for all scopes...
2026-09-22 22:45:59.999 [info] Got 2 sessions for ...
